timestamp,open,high,low,close,volume
2025-07-11 23:56:26.276559,1.1005529630477875,1.1002898363668572,1.1000540505150755,1.1002015264015612,1522.7525095137953
2025-07-12 00:56:26.276559,1.1000192784323652,1.10021916644683,1.099832299473728,1.1000304200977342,2650.6405886809043
2025-07-12 01:56:26.276559,1.1001523013807248,1.1008387429599704,1.0997472835368192,1.1000621926625063,3629.3018368169633
2025-07-12 02:56:26.276559,1.1003084550340243,1.1006453531667215,1.0997924638293863,1.1005538941195918,5628.109945722505
2025-07-12 03:56:26.276559,1.1002538878808852,1.100212025054129,1.0998334502039895,1.1000586205392322,7158.097238609412
2025-07-12 04:56:26.276559,1.099946854597506,1.100360050016677,1.100005057742355,1.1000524787858104,9183.883618709038
2025-07-12 05:56:26.276559,1.1000976631854755,1.1008558503052428,1.1004269381317502,1.1002239600004717,9726.261649881028
2025-07-12 06:56:26.276559,1.1004149656496467,1.1006823742130358,1.100352254406535,1.1003001238755121,3442.141285965063
2025-07-12 07:56:26.276559,1.1000665747713467,1.1007363194702848,1.1003160973155488,1.1004839995962983,1670.9557931179374
2025-07-12 08:56:26.276559,1.1004421353811416,1.1004379057535336,1.0999969443772417,1.1004142684745686,1666.4018656068133
2025-07-12 09:56:26.276559,1.1000792406352888,1.0999768953226199,1.0997847525804434,1.0997882967622954,3798.8408954409597
2025-07-12 10:56:26.276559,1.100002506612402,1.1001894624319661,1.0995660851467193,1.0998948598054217,5249.934326457544
2025-07-12 11:56:26.276559,1.1003719154082334,1.1002578440213218,1.0999558894132877,1.1000571428871182,5704.595464437946
2025-07-12 12:56:26.276559,1.100614436310267,1.1010177779189898,1.100879927175743,1.1011066847254531,5577.136220482325
2025-07-12 13:56:26.276559,1.1007397773240004,1.1009505651391087,1.1004000631542328,1.1006817326470766,9367.278871083157
2025-07-12 14:56:26.276559,1.1007024859471681,1.1008014970726143,1.1003036065772773,1.1007139651523297,2679.1305299743226
2025-07-12 15:56:26.276559,1.1006959058988184,1.1010520318252977,1.1005508223999747,1.1006830166975115,8362.132893302438
2025-07-12 16:56:26.276559,1.100015634456738,1.100891290561323,1.0999910823638874,1.1000369103757601,4038.5365426326516
2025-07-12 17:56:26.276559,1.1001171743297897,1.1002034740242679,1.0995164029968603,1.100133768845368,9662.025654479
2025-07-12 18:56:26.276559,1.0999016819785332,1.1001217535867738,1.0996141369588233,1.0999176711095395,1331.9825261907952
2025-07-12 19:56:26.276559,1.1002806306041772,1.1009592937694561,1.100162612846276,1.1002133787817694,9870.854086995407
2025-07-12 20:56:26.276559,1.0995576692459328,1.099942925518736,1.099367798693876,1.0998673646383021,7553.947137506736
2025-07-12 21:56:26.276559,1.1009315825280792,1.1009140467217549,1.100317434274777,1.100295384137891,1366.9762739928751
2025-07-12 22:56:26.276559,1.1002939948636974,1.1008041474806527,1.1000300891698587,1.1002190581351827,3038.4619767814415
2025-07-12 23:56:26.276559,1.1001551481171705,1.0999872389653575,1.099569333965897,1.0996885105777,9322.242564507065
2025-07-13 00:56:26.276559,1.0999792272731979,1.0998774786587446,1.099603618611454,1.099875744783281,5996.807304395161
2025-07-13 01:56:26.276559,1.099211430507965,1.0991104560911693,1.098977101095335,1.098807675791434,7533.601109832154
2025-07-13 02:56:26.276559,1.0985303220403773,1.0986703566401308,1.0981199431473834,1.0986545446729927,1082.7734645496669
2025-07-13 03:56:26.276559,1.0988183117052346,1.0989378505464602,1.0981638127677087,1.0984852844216118,7409.6129921278225
2025-07-13 04:56:26.276559,1.0992993200310244,1.0993706783864372,1.098806196143102,1.099399002463519,8643.010694447601
2025-07-13 05:56:26.276559,1.0995005058680996,1.1002202909957672,1.09957763666617,1.099473350215046,9757.09499277201
2025-07-13 06:56:26.276559,1.0995813539123882,1.099603079582708,1.0992675991657928,1.0994470695189893,5523.733837946729
2025-07-13 07:56:26.276559,1.0991329113804849,1.100120393641745,1.0991166426874386,1.099090164392156,9464.127259176228
2025-07-13 08:56:26.276559,1.0995531759586232,1.0996809081217567,1.0994215661597078,1.0997990783640728,4465.879557417327
2025-07-13 09:56:26.276559,1.0992700777252868,1.0997761451193264,1.0994549973577903,1.0995538616661995,6130.550530804285
2025-07-13 10:56:26.276559,1.100022737142682,1.0998805385577932,1.0995685713734924,1.0998215246128056,7666.91755978784
2025-07-13 11:56:26.276559,1.1002649625531746,1.100768668176768,1.1000392267507706,1.1005555346145994,8803.650867220933
2025-07-13 12:56:26.276559,1.1010968493784254,1.1008165576570985,1.1005478039161152,1.1008108393873068,6849.675376999887
2025-07-13 13:56:26.276559,1.1015381649798803,1.1015817885111734,1.1012917903623896,1.101231806092874,6204.5212689655655
2025-07-13 14:56:26.276559,1.1010101156654695,1.1013797058090775,1.1012074161439107,1.101439275874853,6317.499345121097
2025-07-13 15:56:26.276559,1.10101584087376,1.1015580750084362,1.1012121058236173,1.101088329087494,6606.014282371002
2025-07-13 16:56:26.276559,1.101942931470619,1.1023869551596464,1.1011172202449324,1.1018359975679497,9782.668715162812
2025-07-13 17:56:26.276559,1.1009265583407464,1.100812007968218,1.1005575357343567,1.1005975675261006,1228.1566907391175
2025-07-13 18:56:26.276559,1.1007294247494033,1.1010278198909604,1.100297883648451,1.1007327047863313,3252.186083481358
2025-07-13 19:56:26.276559,1.1019591471425607,1.101897069266438,1.1013973095668492,1.1022000059925523,4776.400561850109
2025-07-13 20:56:26.276559,1.102339737569345,1.1026064383825551,1.1020032400416073,1.1027616170976806,1880.5074458590134
2025-07-13 21:56:26.276559,1.100611103730175,1.1011679766589682,1.1007848899211499,1.101187142627354,6715.842857808794
2025-07-13 22:56:26.276559,1.1002498757235575,1.1002766975870582,1.10009847451172,1.1007077733287862,8708.4085706949
2025-07-13 23:56:26.276559,1.099718305984823,1.0999769804025339,1.0997786314515827,1.0998523097772528,9462.072172824619
2025-07-14 00:56:26.276559,1.099611783204827,1.100304023035128,1.0993506477118782,1.1001570734687047,5910.551103843414
2025-07-14 01:56:26.276559,1.0996215278080435,1.099922562873953,1.099661770151687,1.0997044432619363,8603.87779872509
2025-07-14 02:56:26.276559,1.0997750014424295,1.099771270373132,1.0994779526313851,1.0998751092731527,8897.248121743476
2025-07-14 03:56:26.276559,1.099961760110253,1.1002626849708694,1.0998250978150157,1.100223255039317,9914.546278006059
2025-07-14 04:56:26.276559,1.1003254973265704,1.100995639355786,1.100093166840922,1.1006917253357558,9376.815930432083
2025-07-14 05:56:26.276559,1.1005910065174818,1.1007579376458778,1.1001806796855853,1.1006894003517125,3880.4464092755056
2025-07-14 06:56:26.276559,1.1004597215742102,1.1005856971060288,1.1002577372533475,1.1003913107300862,9550.557703457243
2025-07-14 07:56:26.276559,1.101053213692475,1.100813283344969,1.100389270032368,1.1004335327610382,7052.666104693346
2025-07-14 08:56:26.276559,1.0999571811185214,1.1003282139329966,1.0998968936030986,1.1000952470248906,5945.75994091362
2025-07-14 09:56:26.276559,1.1005866011367282,1.1006949955195096,1.100403229146021,1.100733464595914,6563.96256984635
2025-07-14 10:56:26.276559,1.1005439702729958,1.1005621394545435,1.1003710016142145,1.1006066567507589,1732.139025777098
2025-07-14 11:56:26.276559,1.0997252640457922,1.1001901926084476,1.0995524202097589,1.0998301349892543,4817.998083222787
2025-07-14 12:56:26.276559,1.1004256212030075,1.1006527869958544,1.1005607208745345,1.1005524506261244,2069.3612464126472
2025-07-14 13:56:26.276559,1.101082967845413,1.101024589345878,1.1006206161085401,1.100754668033121,3571.4087765367467
2025-07-14 14:56:26.276559,1.101040598486627,1.1011296283247125,1.1008893650173943,1.1012233688149948,9936.683165073702
2025-07-14 15:56:26.276559,1.1012208329239102,1.1013531362008178,1.1011138802133833,1.10141146198722,5090.86958290996
2025-07-14 16:56:26.276559,1.10162066541092,1.10200297526257,1.1010980254609728,1.1018381136233422,6581.193380213831
2025-07-14 17:56:26.276559,1.1011560059718246,1.101440974769794,1.1006239882588678,1.10110933044385,9769.553268995498
2025-07-14 18:56:26.276559,1.1014849061995293,1.1019444486525833,1.1012618937598224,1.1015647414614667,2463.5524541040218
2025-07-14 19:56:26.276559,1.1006470250102696,1.1012902977704468,1.100387028104474,1.1003982332348723,9729.229580331428
2025-07-14 20:56:26.276559,1.1009536880068465,1.101526831474476,1.1013605240166184,1.1012638821633767,3460.663647376356
2025-07-14 21:56:26.276559,1.1015936361848393,1.1014831603764992,1.101334046556926,1.1012555421124932,9586.459245328502
2025-07-14 22:56:26.276559,1.1016281893465307,1.1018266770183711,1.101255452440716,1.1017243741830922,4223.464462295564
2025-07-14 23:56:26.276559,1.101619503917363,1.1018209149514713,1.1011310233978477,1.1018322284273172,5967.16154897037
2025-07-15 00:56:26.276559,1.1014360275590624,1.1019480781624804,1.1015902777687625,1.101586285320929,1259.0440868200508
2025-07-15 01:56:26.276559,1.1021058251122124,1.1023792042874725,1.1016791377820387,1.1021802997175827,4530.196405897591
2025-07-15 02:56:26.276559,1.101130931150059,1.101356723334298,1.1010497809199118,1.1006567311005981,8052.8771146702875
2025-07-15 03:56:26.276559,1.1018915953606512,1.1023167353378949,1.1013916901686238,1.1019795179902183,5433.562845935827
2025-07-15 04:56:26.276559,1.1018551061507325,1.1022164917174821,1.101447329683894,1.1018646276810917,2159.9174971958428
2025-07-15 05:56:26.276559,1.1018403253172604,1.1023341319575364,1.101898007946437,1.1020396322021835,7008.019646689245
2025-07-15 06:56:26.276559,1.1023516882358255,1.1026487930916906,1.1023720866460927,1.1024029829518365,1798.3228038135005
2025-07-15 07:56:26.276559,1.1022026404957006,1.1027527887709443,1.1022761212826142,1.1028351611008018,1353.8092585698905
2025-07-15 08:56:26.276559,1.1026069893218842,1.1025910951661713,1.1020753279471913,1.102312645724457,7734.337213452925
2025-07-15 09:56:26.276559,1.1016839218453853,1.1023170515505258,1.102061790569187,1.1018412678658926,5162.812445198331
2025-07-15 10:56:26.276559,1.102802320220666,1.1030520167364661,1.1025002153550134,1.1029903207400134,5789.021367387841
2025-07-15 11:56:26.276559,1.1027382517174165,1.1029842211224232,1.1022156250941657,1.102546288841186,1180.6407799995372
2025-07-15 12:56:26.276559,1.1017928384901736,1.1022658622741481,1.1017511714804302,1.1018773256352297,9014.745526659055
2025-07-15 13:56:26.276559,1.1030442917593912,1.103012794858698,1.1027459111392182,1.1027637765931426,6281.570062187912
2025-07-15 14:56:26.276559,1.1021935671141865,1.102403332319808,1.101796569497257,1.1021375005584853,4267.7406675877155
2025-07-15 15:56:26.276559,1.102796735868391,1.103256967013194,1.1022645717489072,1.1025540135072285,2679.103216461752
2025-07-15 16:56:26.276559,1.101886338908599,1.1026354659442372,1.102223340053132,1.1025238192532425,9841.407552177458
2025-07-15 17:56:26.276559,1.1023613389027893,1.1024825297562366,1.1020372292584535,1.102310444095149,9364.383902148273
2025-07-15 18:56:26.276559,1.1018475609308336,1.1022739546496607,1.1011750748561246,1.1015086115196104,2683.39373701771
2025-07-15 19:56:26.276559,1.1012251580428651,1.1017570056837322,1.100727278322168,1.1012674855538773,3597.674979162302
2025-07-15 20:56:26.276559,1.1012531977430549,1.101038184776934,1.100616119458646,1.100374241136366,1466.4118314018422
2025-07-15 21:56:26.276559,1.1000808803068174,1.100311625343991,1.0998943708379578,1.1003633971031352,7842.050739007179
2025-07-15 22:56:26.276559,1.0992044647784527,1.0997755151408564,1.0988283589926002,1.0993519876023141,9365.762298230433
2025-07-15 23:56:26.276559,1.0996372706561974,1.0998496016592905,1.099642429167034,1.0999019625156077,2257.951389636605
2025-07-16 00:56:26.276559,1.0996535835313215,1.0998956340492687,1.0995407806779134,1.0996534678292382,8331.172482082438
2025-07-16 01:56:26.276559,1.0997161036046144,1.1004039285506415,1.0995199709000185,1.1000215510954807,4952.214177131966
2025-07-16 02:56:26.276559,1.0997043501812158,1.0996969554792266,1.0988249326007937,1.0993253225806323,5524.483510832312
2025-07-16 03:56:26.276559,1.099129792937438,1.0996377501578822,1.0993231983248846,1.0996191429108613,2052.0823663752767
2025-07-16 04:56:26.276559,1.0996949281565243,1.0999194478133092,1.0996992084969321,1.0997898149246397,8146.226703432664
2025-07-16 05:56:26.276559,1.1001464256137636,1.1007779893538447,1.1000422216199859,1.1000049093165953,3236.4022583301917
2025-07-16 06:56:26.276559,1.0995110745478993,1.1000335112883917,1.0994599695506397,1.0997464076315708,8391.315742048115
2025-07-16 07:56:26.276559,1.0994282010754892,1.0996463700916148,1.0992194529988573,1.0995041387002094,7480.328828914669
2025-07-16 08:56:26.276559,1.0984708524796756,1.0992130670919484,1.0984947152106066,1.0988534889597448,4111.263941535275
2025-07-16 09:56:26.276559,1.0978011598481912,1.09826109007582,1.097615967085467,1.0978682705076372,5552.998109960194
2025-07-16 10:56:26.276559,1.0975091748751444,1.0972135960173384,1.0971386675209522,1.0972707970752498,9302.494430595661
2025-07-16 11:56:26.276559,1.096928835921179,1.0968011924190888,1.0960951445630056,1.096978389237276,9409.303132921134
2025-07-16 12:56:26.276559,1.096813336063372,1.0963326661422415,1.0960712758627396,1.096410388376446,4591.024334831172
2025-07-16 13:56:26.276559,1.0957964541721676,1.096255489827525,1.0958237941939626,1.0962920596233332,4117.113949293651
2025-07-16 14:56:26.276559,1.0957639130853603,1.096445503752859,1.0958189238237737,1.096012319055908,5071.955645194241
2025-07-16 15:56:26.276559,1.09583084009183,1.0959235161360579,1.095032633072251,1.0957955121590919,6225.295152502391
2025-07-16 16:56:26.276559,1.0959299809557879,1.0963949607211165,1.0959348022773585,1.096056895938343,9971.868266613526
2025-07-16 17:56:26.276559,1.0972717286752582,1.0972943192228846,1.0972723749051063,1.0973161706448338,2846.2567643380644
2025-07-16 18:56:26.276559,1.0973824040235522,1.0978756656216513,1.0967725562333641,1.0965728172983342,4966.864722444054
2025-07-16 19:56:26.276559,1.0975541724785336,1.0982504777214552,1.0975256543735088,1.0973469583127893,6795.9958891511415
2025-07-16 20:56:26.276559,1.097237934713678,1.0972494388057359,1.097119994567492,1.0969863380859113,6930.315477191362
2025-07-16 21:56:26.276559,1.0975016616817879,1.0977425023009075,1.0972464306896583,1.097159361207764,1894.9725348341065
2025-07-16 22:56:26.276559,1.0977102256022955,1.0979074543737015,1.097381171068894,1.097713846302772,4574.651766566094
2025-07-16 23:56:26.276559,1.0969649618221353,1.0972116517920816,1.0968489407326076,1.0970920977144467,4792.820955332481
2025-07-17 00:56:26.276559,1.096569840007718,1.0966791370753464,1.0960617950833451,1.095956065296674,3412.572767405886
2025-07-17 01:56:26.276559,1.0959125647597383,1.0960997117406757,1.0949486946637152,1.0956154769795208,7872.452147437847
2025-07-17 02:56:26.276559,1.0953661662234653,1.0957248560450945,1.0954240217628517,1.0957025180795354,1202.2237748810567
2025-07-17 03:56:26.276559,1.0956460051189452,1.0960104028179376,1.095092896673509,1.0955315253877662,9859.619626331969
2025-07-17 04:56:26.276559,1.0949914900627706,1.095703942873893,1.0952871634332897,1.0954277813910278,5987.602022642141
2025-07-17 05:56:26.276559,1.0959426312260752,1.09588787227401,1.095669284108992,1.0960791879181786,2578.3415076110464
2025-07-17 06:56:26.276559,1.0962463150248705,1.096217022681128,1.095927614259733,1.0956956479522102,1422.6937009754954
2025-07-17 07:56:26.276559,1.0961960122187142,1.096564811949131,1.0962910587758419,1.0962247852445866,3598.243630936299
2025-07-17 08:56:26.276559,1.0956797127805677,1.0959673129646375,1.0952997860520681,1.0952142046451456,5284.453619791897
2025-07-17 09:56:26.276559,1.095875432371373,1.0957908212325997,1.095477863061437,1.0956202428302437,5467.296224811127
2025-07-17 10:56:26.276559,1.0956524959730918,1.0962297977376352,1.095426793909773,1.0957714346549343,1676.2400356222788
2025-07-17 11:56:26.276559,1.0959973720036056,1.0961661224826968,1.0954467921746698,1.0957764326790973,8194.742910720814
2025-07-17 12:56:26.276559,1.0949335346580926,1.0956124423244453,1.0950072632916632,1.09551493508439,1824.2386599397073
2025-07-17 13:56:26.276559,1.0949174120112213,1.0953706825122287,1.0951311705826834,1.0952605204531647,8259.050330753047
2025-07-17 14:56:26.276559,1.095337856668898,1.0958144861146266,1.0951099425753312,1.095555193857364,5404.824672788264
2025-07-17 15:56:26.276559,1.095330245100833,1.095647901122146,1.0955041211648386,1.0953693835079155,9319.565758388773
2025-07-17 16:56:26.276559,1.095964710149951,1.0963965210176925,1.0960336754543192,1.0962351036689457,8460.239267356097
2025-07-17 17:56:26.276559,1.0959931982424587,1.0961937152537637,1.0959246837989227,1.096099459421479,4058.8746739125954
2025-07-17 18:56:26.276559,1.0958509759065107,1.095846770003156,1.095727966410936,1.095382524907919,8116.508483550672
2025-07-17 19:56:26.276559,1.0964188270320783,1.0966865689848648,1.096160785793193,1.0962573576708088,9451.609286616065
2025-07-17 20:56:26.276559,1.096631975106987,1.0971008979076644,1.096528917085448,1.09623702430667,6647.549168965331
2025-07-17 21:56:26.276559,1.096370786608305,1.096911373956871,1.0960014869700165,1.0963913212503165,4191.599418766989
2025-07-17 22:56:26.276559,1.0959158137985574,1.096604384226704,1.0959872758714304,1.0960610702924496,7116.8255442376285
2025-07-17 23:56:26.276559,1.0969017330066306,1.096830965761465,1.0967519299953015,1.0965422247038847,9920.517635232789
2025-07-18 00:56:26.276559,1.096620064167262,1.0972841871091086,1.0964477236674572,1.0969488488276082,2588.7522880495744
2025-07-18 01:56:26.276559,1.0968404368524896,1.096769276682016,1.096411417408076,1.096886734395866,7264.18556248413
2025-07-18 02:56:26.276559,1.0961604656090265,1.096404593333153,1.0961885419609856,1.096160783743707,5832.769806040722
2025-07-18 03:56:26.276559,1.096986094528464,1.09760239814238,1.0968797982333058,1.0971208079185961,6897.177825751195
2025-07-18 04:56:26.276559,1.0968736756288104,1.0974785519634007,1.0971919644362105,1.0969719169657162,3337.784053842936
2025-07-18 05:56:26.276559,1.097248261208038,1.0977418709767657,1.0970482202279994,1.0972002190384957,5325.279195939832
2025-07-18 06:56:26.276559,1.0980633233409722,1.0981602368036008,1.0976956078649098,1.0975721851517883,6091.58767596212
2025-07-18 07:56:26.276559,1.0983172658899827,1.0982033128011022,1.0979183287246583,1.0982596216101055,7277.243155023552
2025-07-18 08:56:26.276559,1.0982284924992878,1.098660887011702,1.0978988241238963,1.0984544431857508,8927.836832790355
2025-07-18 09:56:26.276559,1.0981246931232607,1.098332094363388,1.0979261275675056,1.0983618149192327,8489.207601619677
2025-07-18 10:56:26.276559,1.0982723867805666,1.0981765503356622,1.098107811816038,1.0978109576294615,9830.67560224681
2025-07-18 11:56:26.276559,1.0978830711143712,1.0976742962395183,1.0972567749153679,1.0973888645227197,7849.2511225182525
2025-07-18 12:56:26.276559,1.0978273529880669,1.0977469633056847,1.0975711703841606,1.097297257749633,9388.252949590158
2025-07-18 13:56:26.276559,1.097186602893909,1.0974501329516608,1.0970698164288335,1.0974184998886207,4112.947512576611
2025-07-18 14:56:26.276559,1.0971487857349014,1.0972194048418524,1.0970370244723338,1.0969702042040812,1221.2822481292137
2025-07-18 15:56:26.276559,1.0982717738331063,1.0979152674975399,1.09772898256121,1.0976059396391349,2472.6143907250225
2025-07-18 16:56:26.276559,1.0970617556422717,1.0970319759048026,1.0965411923346093,1.0970994937693248,3459.335742983884
2025-07-18 17:56:26.276559,1.0969934730474786,1.0972372427598776,1.0966534989019294,1.096902384966559,9855.798831638454
2025-07-18 18:56:26.276559,1.0967680467096501,1.0971795876573605,1.096848250945203,1.09677639687951,1280.2067459606023
2025-07-18 19:56:26.276559,1.096560191891868,1.0967698621067723,1.0963120873720325,1.0964052777948257,7938.296601796468
2025-07-18 20:56:26.276559,1.0964320223804276,1.096758874843683,1.0964386418377914,1.096685545288518,1292.7356154212673
2025-07-18 21:56:26.276559,1.0970663755855088,1.0969910532696954,1.0967514314341327,1.096643073682007,2804.7225403030307
2025-07-18 22:56:26.276559,1.0974230427168679,1.0979635733687574,1.0977370369369501,1.0978542638588744,8178.031905734693
2025-07-18 23:56:26.276559,1.0970991547243059,1.0981507928089151,1.0974482386938569,1.0972671500249345,7254.836975138883
2025-07-19 00:56:26.276559,1.0980280845108625,1.09814455932361,1.0978892582571027,1.0979187189623543,1944.3716057635738
2025-07-19 01:56:26.276559,1.0982783370162374,1.09845037396488,1.0976518450675923,1.0980586717233565,3938.151774195927
2025-07-19 02:56:26.276559,1.0981370555646042,1.0984537883913328,1.09817959472099,1.0981736651018439,1707.2064743951867
2025-07-19 03:56:26.276559,1.0978955465938443,1.0978517081094565,1.097228072063536,1.0976531422236342,2507.343240331628
2025-07-19 04:56:26.276559,1.0984959364212667,1.0982161935651442,1.097893976801758,1.0982051255421783,8838.722113714772
2025-07-19 05:56:26.276559,1.0985563980520427,1.0988539966348594,1.0983485792797592,1.0989269239074817,5070.8645606647015
2025-07-19 06:56:26.276559,1.0987729428896547,1.0989672503011265,1.098192095105766,1.0988877570922373,1543.1687559150741
2025-07-19 07:56:26.276559,1.0986927210874542,1.09875305364839,1.0985117837057154,1.098712454995781,6928.369979507885
2025-07-19 08:56:26.276559,1.0982231416869737,1.099299287474019,1.098380795696516,1.0985604495205783,9967.005244510678
2025-07-19 09:56:26.276559,1.098314816800735,1.0985553847117902,1.0983353199219557,1.09846790000629,8814.452548675425
2025-07-19 10:56:26.276559,1.0974044916610761,1.0980572216920366,1.0975154104021523,1.0975970378175308,4339.3488668614245
2025-07-19 11:56:26.276559,1.0978916070211215,1.098297513364479,1.097478205566258,1.0981991200403818,9106.316776101326
2025-07-19 12:56:26.276559,1.098219391769092,1.0985491778049012,1.097887461593374,1.098095147041624,2895.9597010509992
2025-07-19 13:56:26.276559,1.0989730827794573,1.0993079494790141,1.0987062532623169,1.0989927281100265,2617.147979832178
2025-07-19 14:56:26.276559,1.0987915505191392,1.0992187887994287,1.0990342017674488,1.0991115641908025,8836.749111452602
2025-07-19 15:56:26.276559,1.099257806139414,1.1004603116813587,1.0992611191850579,1.099533260706889,9724.710901017588
2025-07-19 16:56:26.276559,1.0993663992402531,1.09938704308764,1.0987711253324668,1.099003239376958,2177.8629464651485
2025-07-19 17:56:26.276559,1.0989642562938307,1.0993639669868354,1.0991978081713503,1.0994201081025579,4877.987712956254
2025-07-19 18:56:26.276559,1.0989061048539273,1.0992684596153028,1.0986561834509945,1.0991779152362577,2508.572946594859
2025-07-19 19:56:26.276559,1.0990989518391219,1.0996359679047518,1.098898362874014,1.09921900020049,2852.570890330914
2025-07-19 20:56:26.276559,1.0992419930250816,1.0993303802353285,1.099067031567085,1.0990948073111566,9429.451230654653
2025-07-19 21:56:26.276559,1.0992987994967858,1.0997226546077248,1.0996748490765973,1.0998817051686327,5092.658700704732
2025-07-19 22:56:26.276559,1.0997969131488645,1.1006014155601076,1.0990898140475218,1.1000518179063428,1269.7623088541015
2025-07-19 23:56:26.276559,1.1004134840220685,1.100936138912841,1.1004403349631844,1.100499413342564,8813.28028939755
2025-07-20 00:56:26.276559,1.1016732491650802,1.1018435914736115,1.1014042787506357,1.102080108145631,6560.6251618109245
2025-07-20 01:56:26.276559,1.1021147636754998,1.10219255393319,1.1015456998345003,1.1020051036587935,4544.779650887426
2025-07-20 02:56:26.276559,1.101603233549321,1.1016336935313906,1.1013132165387627,1.1013517290259727,8041.469356524462
2025-07-20 03:56:26.276559,1.1024970292074108,1.1024402720642072,1.102230964783166,1.1025421058715381,8270.613477471328
2025-07-20 04:56:26.276559,1.1020421463353414,1.102000634911802,1.1015935759500017,1.1017319150446752,2081.881498335476
2025-07-20 05:56:26.276559,1.1015019093620295,1.1017945932528228,1.1014610370124798,1.1021088205511933,4497.022911433111
2025-07-20 06:56:26.276559,1.101198383327056,1.10192283051213,1.101365951596112,1.1013368175991847,1658.7633139159927
2025-07-20 07:56:26.276559,1.1028172365437319,1.1026696945094658,1.1021603042791097,1.1025631024800613,5671.7360662259625
2025-07-20 08:56:26.276559,1.1020597161182903,1.1024273382458467,1.102285084344727,1.1019845057928481,4589.405028072104
2025-07-20 09:56:26.276559,1.102999714583948,1.1036188584818394,1.1024716509143844,1.1030058836282706,9599.713263594413
2025-07-20 10:56:26.276559,1.1033581482671286,1.103471733311086,1.1032783022457753,1.1035065422599737,1912.7874560429486
2025-07-20 11:56:26.276559,1.102408580045407,1.1026587997968889,1.102332720576705,1.102665276739081,3801.769292404033
2025-07-20 12:56:26.276559,1.103281906089965,1.103856926071786,1.103170645846256,1.1030852084598903,2096.974840032528
2025-07-20 13:56:26.276559,1.103485352411311,1.1040426608467537,1.1037205448584508,1.1036318839815045,6105.809976660132
2025-07-20 14:56:26.276559,1.1038679759640266,1.1044029930259835,1.1039612253650226,1.1039965062937958,6698.3623803462015
2025-07-20 15:56:26.276559,1.1041217908263337,1.1042766618968038,1.104099014466995,1.1039732741505315,6498.828899658925
2025-07-20 16:56:26.276559,1.1037928281406775,1.1041927187038576,1.1037576215795701,1.1039981679827937,3131.8350307703386
2025-07-20 17:56:26.276559,1.1038007099625042,1.1038196388610528,1.1034626766444817,1.1034164634231207,6614.733922089157
2025-07-20 18:56:26.276559,1.1038546967698923,1.1044166329091822,1.1033784779372156,1.1036028421375461,8765.173697889057
2025-07-20 19:56:26.276559,1.1036835360748423,1.1037518826850878,1.1036997930335741,1.103905712298527,3087.5238650437786
2025-07-20 20:56:26.276559,1.1049333244669903,1.1053082958491944,1.1043648544865508,1.1048700310086954,2227.9577730105984
2025-07-20 21:56:26.276559,1.1044065456377978,1.1050089983277727,1.1040139530419166,1.1046310599019766,3467.445999038253
2025-07-20 22:56:26.276559,1.1052591201390147,1.1057066667397784,1.1051630433674993,1.105336925909788,5671.538118174433
2025-07-20 23:56:26.276559,1.1057012435516687,1.106001306453208,1.1054352736896824,1.1051357906308326,3997.0172175237813
2025-07-21 00:56:26.276559,1.1057068471337101,1.1059674462163311,1.1051749839948435,1.1061043136145416,1541.281083407067
2025-07-21 01:56:26.276559,1.1058874604510367,1.1060943967870762,1.1059099683719185,1.1061054673344597,1870.0880468204766
2025-07-21 02:56:26.276559,1.1056570706238489,1.1058693082365352,1.1053022346110586,1.1051513600309748,8159.049647107563
2025-07-21 03:56:26.276559,1.1049019812161114,1.104968560368292,1.1045097085233897,1.1053375037413797,1802.1198890441497
2025-07-21 04:56:26.276559,1.1051925198195323,1.105250013407374,1.1049832696346626,1.1052082518022865,7378.702279686788
2025-07-21 05:56:26.276559,1.1048177650939563,1.1051155367146412,1.104165305216643,1.104495493507339,6405.3490002455555
2025-07-21 06:56:26.276559,1.1037032545153465,1.1039038905040839,1.1036436133240106,1.103652683286018,8662.824619705862
2025-07-21 07:56:26.276559,1.1036449848811767,1.103732706685972,1.103427316845118,1.1037565182528288,8110.2739267635525
2025-07-21 08:56:26.276559,1.1036312818720142,1.1040210013517597,1.103797958012616,1.1037982612223975,7254.559800122155
2025-07-21 09:56:26.276559,1.103978705779519,1.1038865018319364,1.1035579974631935,1.103878760741194,6456.276439758797
2025-07-21 10:56:26.276559,1.1037841506482327,1.1044844182853661,1.1041303864350815,1.1043020857323353,2317.365929460242
2025-07-21 11:56:26.276559,1.1040829617126986,1.104033114552723,1.1039600281843582,1.1039629234062156,3806.3451977673362
2025-07-21 12:56:26.276559,1.104265271596108,1.1050750930739779,1.1041206309181801,1.1040499553336534,2944.3436425863965
2025-07-21 13:56:26.276559,1.1052563431694373,1.1053238264975764,1.1048941650807882,1.1049879314335078,9853.110327370723
2025-07-21 14:56:26.276559,1.1046963214194048,1.1049388609708237,1.104646486915706,1.104628414911152,1909.4122990958203
2025-07-21 15:56:26.276559,1.1045523333800429,1.1046028490427247,1.1045035519816973,1.1046391118099614,3756.282587079505
2025-07-21 16:56:26.276559,1.1049102756649212,1.1052689283284494,1.1044324656122815,1.1050772781354543,8979.4379371642
2025-07-21 17:56:26.276559,1.1040432828768347,1.1044711085849186,1.1040526450565329,1.1045119715099918,7923.7440427720585
2025-07-21 18:56:26.276559,1.1046690722890533,1.10475635239249,1.104695091138809,1.1047443466245654,3338.318878705308
2025-07-21 19:56:26.276559,1.1044712066086884,1.1045520758263534,1.1039908611541003,1.104431472654898,1987.6257880975315
2025-07-21 20:56:26.276559,1.1044420518377542,1.1052687112312245,1.1040624962437515,1.104672646126205,3922.0833420105396
2025-07-21 21:56:26.276559,1.104224249367695,1.105060474191313,1.104135391304391,1.104841195712769,9028.76220046211
2025-07-21 22:56:26.276559,1.104071612737386,1.1047341379710367,1.1040551933250191,1.104310095418066,8567.844214833303
2025-07-21 23:56:26.276559,1.1054755505463005,1.1055974065071201,1.1051930634186165,1.105676040288099,1599.8683650462096
2025-07-22 00:56:26.276559,1.1061563269543493,1.106495984656656,1.1061197919958037,1.1064830233360066,7122.05001287518
2025-07-22 01:56:26.276559,1.1057004165346969,1.1059501434341585,1.1054906014555401,1.106134822123988,6952.335499633729
2025-07-22 02:56:26.276559,1.105558362158502,1.1056372763505609,1.1053710374069856,1.1053602829179319,7879.353959995624
2025-07-22 03:56:26.276559,1.1062325758807687,1.1061593476769485,1.105505765950355,1.1058677731826092,6535.1167123498
2025-07-22 04:56:26.276559,1.1056196407945642,1.105928818620156,1.1053689242628417,1.105744030777055,9716.398998349454
2025-07-22 05:56:26.276559,1.1053948018865518,1.1056194354692035,1.1053239794933098,1.1056467771160616,8305.928092811238
2025-07-22 06:56:26.276559,1.1056301335774967,1.1057748903697473,1.1054110065892044,1.1054766953776296,3021.540506594667
2025-07-22 07:56:26.276559,1.1046968615109647,1.1055074101609217,1.1043006410451268,1.1048732524593918,8982.324101883427
2025-07-22 08:56:26.276559,1.1047585673041782,1.1050999080240456,1.104423842003962,1.1047509217660072,8618.629048212502
2025-07-22 09:56:26.276559,1.1048519442482931,1.1046152491182355,1.104455867795234,1.1046286701234167,7988.027018497522
2025-07-22 10:56:26.276559,1.1048772565663116,1.105123642180543,1.104661131510668,1.1048180639636411,9436.492598474071
2025-07-22 11:56:26.276559,1.1050411488357725,1.105119283100159,1.1047652910274965,1.1051715326463083,7595.213902896256
2025-07-22 12:56:26.276559,1.1044648024876478,1.1055347607908648,1.1045220078462992,1.1048603236450345,6085.197935731145
2025-07-22 13:56:26.276559,1.1052643223204899,1.1052440335657008,1.1047427602240112,1.1051019948534393,1083.9845784438396
2025-07-22 14:56:26.276559,1.104681921474789,1.104672861334737,1.1041463110492808,1.1043397625878113,2836.3207116600897
2025-07-22 15:56:26.276559,1.1052535581901646,1.1052830391154673,1.10480587273791,1.1054039639538495,5988.03862718815
2025-07-22 16:56:26.276559,1.1046730053744431,1.1051988002557496,1.1044319508317368,1.1045997745211993,8889.856856453805
2025-07-22 17:56:26.276559,1.1057168435913047,1.1056502162806143,1.1054629200072044,1.1052466522783435,7260.5633184712615
2025-07-22 18:56:26.276559,1.1045882160436984,1.1049019573189494,1.104380093400159,1.1043848403146521,5328.756008975114
2025-07-22 19:56:26.276559,1.1045724007419595,1.1042265475552868,1.1037085491785572,1.104583482879655,7088.21143503726
2025-07-22 20:56:26.276559,1.1046746827475484,1.1048635281714136,1.1044277362785448,1.104938573031682,1693.5245122089805
2025-07-22 21:56:26.276559,1.1046823711969163,1.1046272785700002,1.1042823939209652,1.1045089915324604,4961.790981599415
2025-07-22 22:56:26.276559,1.1049614924112905,1.1052596832687414,1.1048643317958498,1.1051030959530228,2985.5075744009014
2025-07-22 23:56:26.276559,1.1061576888963822,1.1059761138884818,1.1054796143358165,1.1060310771222204,2065.025718310486
2025-07-23 00:56:26.276559,1.1062177537158133,1.1063222482404726,1.1058867582770635,1.1055905529781198,6289.924247759784
2025-07-23 01:56:26.276559,1.105280297692831,1.1059698707959302,1.1055917196918703,1.1056986191087805,3333.6708297919636
2025-07-23 02:56:26.276559,1.1053872546091283,1.1057709098391926,1.1054025370925182,1.1055413749115586,8223.789788161394
2025-07-23 03:56:26.276559,1.105131972619762,1.1056392009644125,1.1047692678289127,1.1051097741433376,7889.616090919988
2025-07-23 04:56:26.276559,1.1045302908603762,1.1045576625125355,1.1041218702603797,1.104336541403576,6912.5964064042555
2025-07-23 05:56:26.276559,1.1041389950590854,1.1043654732549466,1.1040409763538666,1.1042590753515131,3447.547535157679
2025-07-23 06:56:26.276559,1.1042871898795215,1.1044835547403598,1.1039219740475485,1.1043896015783123,1563.8788310981909
2025-07-23 07:56:26.276559,1.1030296698817024,1.1033511490120342,1.1028648822239981,1.1030993335365709,9431.402158297826
2025-07-23 08:56:26.276559,1.1034279386102068,1.103283882039675,1.1030698135697568,1.10306718122449,9831.67381447522
2025-07-23 09:56:26.276559,1.1032855689344592,1.1039331721223347,1.103468817915734,1.1036501712918705,6476.745454268199
2025-07-23 10:56:26.276559,1.1033642307093177,1.1036921080800512,1.1033550026794217,1.1033412151351605,3258.699952062682
2025-07-23 11:56:26.276559,1.1034746574838104,1.1038069127186694,1.1031575749681473,1.103548084813907,1609.0152571000142
2025-07-23 12:56:26.276559,1.1037068887133052,1.1038372628874624,1.1031799668265347,1.1035576148863813,5362.266584170423
2025-07-23 13:56:26.276559,1.1036565334943291,1.104129660087597,1.1031495999046086,1.1039823104874722,1560.4579529369705
2025-07-23 14:56:26.276559,1.1046769426711738,1.1052255587255388,1.10478928685786,1.1047946144367908,8076.503794456298
2025-07-23 15:56:26.276559,1.1042144287029336,1.1046448520265804,1.1042602713679308,1.1044296284877844,2843.931467356413
2025-07-23 16:56:26.276559,1.105205271985505,1.1052499196198202,1.1049883529482798,1.1051353938996302,7948.112286789913
2025-07-23 17:56:26.276559,1.1061490875031186,1.1055338171486535,1.1054563220154725,1.1055702165712227,8398.928445402029
2025-07-23 18:56:26.276559,1.104698466320954,1.1054574618795383,1.1048941773116827,1.1051047503714242,8135.689771304555
2025-07-23 19:56:26.276559,1.106190559185125,1.1062583703324924,1.1058001593440805,1.1059479270148835,2421.5934055181324
2025-07-23 20:56:26.276559,1.106463744851685,1.1065917554229414,1.1061000751229046,1.1062114322464438,9155.289292891897
2025-07-23 21:56:26.276559,1.1061538204612413,1.1061901951870954,1.105782563874318,1.1064816056319713,1751.1767649044496
2025-07-23 22:56:26.276559,1.1055824674872148,1.1055356647182555,1.105405836987799,1.1054793705408041,4759.848813475897
2025-07-23 23:56:26.276559,1.1050905003723581,1.1050218465023844,1.1048372110937208,1.105130831583535,7474.182601322427
2025-07-24 00:56:26.276559,1.1061922354218445,1.1063796520621905,1.105959107812207,1.106198879097986,5867.1437948698995
2025-07-24 01:56:26.276559,1.1055647084166096,1.1059302856903466,1.1051931876018057,1.105163951142206,5447.912025252699
2025-07-24 02:56:26.276559,1.1053508566503512,1.1053912019330965,1.1049438866537649,1.1050737170361367,8433.803914372736
2025-07-24 03:56:26.276559,1.1048988305646528,1.105193359925097,1.1049657851568393,1.1054063877394464,6860.328263935067
2025-07-24 04:56:26.276559,1.10486650406132,1.1053426433847888,1.1045139528218235,1.105132135171233,9811.944442136391
2025-07-24 05:56:26.276559,1.1046416817134286,1.1045014536202529,1.1040504338983883,1.1043112223762765,2573.9329345836345
2025-07-24 06:56:26.276559,1.1043757604158897,1.1045982194873418,1.104320320060694,1.10463310571215,6785.937190528369
2025-07-24 07:56:26.276559,1.1043821468830648,1.1050993745768873,1.1042175964797882,1.1046204774471016,8840.840340367467
2025-07-24 08:56:26.276559,1.104346048323125,1.1048055494776816,1.104388228067021,1.104755312834661,9164.755276352469
2025-07-24 09:56:26.276559,1.1047149327513832,1.105479803192786,1.1048700484884024,1.1051312547461747,5919.833981690096
2025-07-24 10:56:26.276559,1.1048013584829146,1.1049147463512052,1.1048198314877424,1.104650352228637,1378.2220765426475
2025-07-24 11:56:26.276559,1.104911126008361,1.1050553731864088,1.1047853877373335,1.1051008444421102,7785.657132371056
2025-07-24 12:56:26.276559,1.1049978559174176,1.1051325786262456,1.1047079531703838,1.1047886844567298,2013.223513707433
2025-07-24 13:56:26.276559,1.1049814562882103,1.1056027747504724,1.1049842798527223,1.1050474357262563,3711.3873468400034
2025-07-24 14:56:26.276559,1.1051156114554976,1.1053875024379585,1.1046718191259817,1.1047327990919917,1433.2855238051811
2025-07-24 15:56:26.276559,1.1053569915861792,1.1059039399425916,1.105359421165256,1.1054047663634399,1572.7681835797812
2025-07-24 16:56:26.276559,1.1060388748236154,1.106090102831003,1.1056367910877691,1.1061142298251478,8463.5811938508
2025-07-24 17:56:26.276559,1.1062344695038242,1.1063992082676881,1.1052879247520182,1.1059680793032924,7964.916901571408
2025-07-24 18:56:26.276559,1.1056269579659708,1.1054716584270097,1.1051369146286003,1.1049833066003165,6681.767977827898
2025-07-24 19:56:26.276559,1.1057318868848178,1.1062749182945188,1.1060296499555267,1.1060030675495713,5389.00361759138
2025-07-24 20:56:26.276559,1.1059568478510449,1.1057883023342774,1.1056180303060819,1.1057832607872937,5556.394535456825
2025-07-24 21:56:26.276559,1.1051200204628409,1.1054424072016562,1.1051612837893756,1.1052616711469039,2260.2168779798594
2025-07-24 22:56:26.276559,1.1054941135373004,1.1054697652564858,1.1047833504504525,1.1051556948098893,3526.1489396437687
2025-07-24 23:56:26.276559,1.1053365121674152,1.1059242088983727,1.1053941807254184,1.105550778350617,5614.0095336077475
2025-07-25 00:56:26.276559,1.1060470985115887,1.1063161340528034,1.1061487819052949,1.1061640625328903,6553.598645060211
2025-07-25 01:56:26.276559,1.1060970884078047,1.1063316338351112,1.1057700239364907,1.106473064215221,9935.351550991632
2025-07-25 02:56:26.276559,1.105839957960472,1.1062352316707562,1.105919629083372,1.1057438997067706,4699.189677389912
2025-07-25 03:56:26.276559,1.1064845577825324,1.1064581676266863,1.1058311929091076,1.1062089379093805,3318.464983003497
2025-07-25 04:56:26.276559,1.1062971657910534,1.106482283782971,1.1062543916240268,1.1065073865160544,4454.549947404816
2025-07-25 05:56:26.276559,1.1052286409762508,1.1056418228774538,1.1053627378100328,1.1053998254882627,1721.6201267371312
2025-07-25 06:56:26.276559,1.1057761195527924,1.105684415751327,1.1054803460538298,1.105762257801111,4257.279917540785
2025-07-25 07:56:26.276559,1.1055975828375866,1.1055565944982173,1.105338475284357,1.1057415669381165,7515.757499194844
2025-07-25 08:56:26.276559,1.1054274163627271,1.10578434114101,1.1055434005777063,1.1056377219539946,5374.004444178428
2025-07-25 09:56:26.276559,1.1053620859338436,1.105595474432371,1.1055196640444294,1.1058207625302017,6870.624837327457
2025-07-25 10:56:26.276559,1.1055804075257816,1.1053536576499252,1.1049586836444731,1.1050632694004008,3478.430568298767
2025-07-25 11:56:26.276559,1.1057430243975699,1.1059942197632127,1.1053752941104704,1.1058507724263458,9249.717122570866
2025-07-25 12:56:26.276559,1.105638849892002,1.1065517737971737,1.1057980253704034,1.1062402305764387,6409.667501202097
2025-07-25 13:56:26.276559,1.1065251431116085,1.1069453175102477,1.106280016040135,1.1063861650355022,9010.873316654275
2025-07-25 14:56:26.276559,1.1065969296189584,1.106876335191245,1.1064579669241839,1.106554745072531,6732.120857092689
2025-07-25 15:56:26.276559,1.1062338900491913,1.1064578306246138,1.1058900326048242,1.10658803438911,4281.3435537778605
2025-07-25 16:56:26.276559,1.107284606609291,1.1078612169657394,1.107155171805279,1.1070644676679702,1247.8304788251894
2025-07-25 17:56:26.276559,1.1076376190183719,1.1076614676601002,1.107528625211999,1.107641868387316,2440.2244281687463
2025-07-25 18:56:26.276559,1.1075499392644006,1.1081097605051173,1.10746212989335,1.1076144225635962,8995.633050778131
2025-07-25 19:56:26.276559,1.108340151438865,1.1083615007113625,1.1082184174105019,1.1079364328232895,5872.668466128267
2025-07-25 20:56:26.276559,1.1080983703105551,1.1078387974460033,1.1074297195004947,1.1078338978639173,8502.84965743827
2025-07-25 21:56:26.276559,1.1068566878108952,1.1071436594704658,1.106744522204973,1.1069472285668285,3432.229229177049
2025-07-25 22:56:26.276559,1.1070355015629894,1.1068615519087261,1.1066950316643178,1.1064782724165358,2252.7703121112595
2025-07-25 23:56:26.276559,1.1079221184519845,1.1082551346738365,1.1072202330395366,1.1081995112233602,6585.944318421257
2025-07-26 00:56:26.276559,1.109052008500923,1.1091924116987333,1.1086752877288562,1.1089444961979833,5887.221255618969
2025-07-26 01:56:26.276559,1.1093043589483933,1.1094250702692288,1.1089590264202174,1.1093463724255999,2123.387325701635
2025-07-26 02:56:26.276559,1.1091640070731188,1.109388576256764,1.1089269798031487,1.1089544123105863,9828.886403464167
2025-07-26 03:56:26.276559,1.1101042965493506,1.1098673303662845,1.1093200025087457,1.1096707657890355,7856.183722399275
2025-07-26 04:56:26.276559,1.1101679652684373,1.1096969173287738,1.1088988523797512,1.1095708322476634,8790.19431062097
2025-07-26 05:56:26.276559,1.10982573618097,1.1097823592862373,1.1095403563352662,1.1098078139569807,2804.270639755625
2025-07-26 06:56:26.276559,1.1098132414032846,1.110190034074126,1.109778955774458,1.1100410055804002,5593.89240103809
2025-07-26 07:56:26.276559,1.110188621065459,1.1103247456144925,1.1102607121291432,1.110491147300074,7232.791883833972
2025-07-26 08:56:26.276559,1.1110663509030008,1.110960261216447,1.1106131496415008,1.1107309616778427,3508.8388517309772
2025-07-26 09:56:26.276559,1.1115131906025746,1.1115638805711807,1.111192426209097,1.111281658626107,7780.851300312722
2025-07-26 10:56:26.276559,1.111837703647161,1.1119299338607096,1.1113660668559555,1.1118107341852623,6522.437028137126
2025-07-26 11:56:26.276559,1.1116520513509036,1.1120655942752333,1.111752111790682,1.11166599622487,4139.384805725314
2025-07-26 12:56:26.276559,1.1118267406419169,1.111852738642517,1.1117802719107404,1.1119424239729463,3696.091101584865
2025-07-26 13:56:26.276559,1.112099030046563,1.112156642608358,1.111713742318508,1.1115900040461637,3091.4589075044305
2025-07-26 14:56:26.276559,1.1115875037698735,1.111880364446272,1.111429517113825,1.1117586359472673,9154.999019192473
2025-07-26 15:56:26.276559,1.1113246855774115,1.1121736959657043,1.1113819118473196,1.1115845237824356,4220.32675702194
2025-07-26 16:56:26.276559,1.1117969456798922,1.112051754706854,1.111694841685784,1.1119960947281247,5044.147678356779
2025-07-26 17:56:26.276559,1.112679083353337,1.1131490944963454,1.112714512765881,1.112938835109791,8402.813149457772
2025-07-26 18:56:26.276559,1.1121388476518452,1.112440947273442,1.1119590601147882,1.1123830263872476,7978.11535362822
2025-07-26 19:56:26.276559,1.112352059728354,1.1129646389874435,1.1122255022766498,1.1123290985363898,7737.8071071358
2025-07-26 20:56:26.276559,1.1127751057244841,1.1127719434582624,1.1125794727541842,1.1123775126028785,1564.206594596793
2025-07-26 21:56:26.276559,1.113007016903353,1.1133279011738215,1.1128703271623857,1.1127985879244136,8584.407119444993
2025-07-26 22:56:26.276559,1.1126943510609457,1.1130344964339123,1.1125271538602168,1.1129152643063884,9189.488294689527
2025-07-26 23:56:26.276559,1.1128699794507686,1.1130174977081706,1.112906922477471,1.1124987677506355,6694.406908737408
2025-07-27 00:56:26.276559,1.1130195008820625,1.1131378725986785,1.1127362782984735,1.112994873620166,7849.340112257047
2025-07-27 01:56:26.276559,1.1130207934309297,1.1131432027143568,1.1128987124335048,1.1132071622320894,1433.674111539666
2025-07-27 02:56:26.276559,1.1131744963255683,1.1138633777449778,1.113703507503816,1.113744378382972,5119.2964464336455
2025-07-27 03:56:26.276559,1.1134877005177481,1.113883470309286,1.1133648145222175,1.1134266068997072,8399.618981347809
2025-07-27 04:56:26.276559,1.1142172823184182,1.1144103990709793,1.114146643208384,1.1147121616414581,8921.410641293365
2025-07-27 05:56:26.276559,1.114834430880116,1.114992410118423,1.1142047253187062,1.1147461348537304,7647.377123190976
2025-07-27 06:56:26.276559,1.1145698647353302,1.114582817565246,1.1138496534214775,1.1141079832758884,2792.937474046478
2025-07-27 07:56:26.276559,1.1140999897809918,1.114313504591531,1.1139693141615719,1.1141407321972854,3408.3340905517434
2025-07-27 08:56:26.276559,1.1136205319565304,1.11412173485924,1.113323994453644,1.113136377432118,4638.607725293822
2025-07-27 09:56:26.276559,1.1148465881215974,1.1151345475738084,1.1148933881735188,1.1149036594660013,7097.8804071305785
2025-07-27 10:56:26.276559,1.1152215817444018,1.115513514102937,1.114980391540503,1.1155069444021697,9784.124409512922
2025-07-27 11:56:26.276559,1.1154397873947617,1.1157320519894636,1.115448295536059,1.1155748790083935,4132.8603385145925
2025-07-27 12:56:26.276559,1.116479614922931,1.116642171694283,1.1159401372140079,1.1164809642209435,5121.961831032143
2025-07-27 13:56:26.276559,1.115228911946691,1.1158060988163558,1.1155265732808772,1.1155223788280355,1520.6000450244455
2025-07-27 14:56:26.276559,1.1163554260865531,1.116557698854637,1.1163810836917054,1.1162665682709847,3028.4314120608924
2025-07-27 15:56:26.276559,1.1163246401131368,1.1163084164300185,1.1158286087624907,1.1159908103096043,8300.11392940124
2025-07-27 16:56:26.276559,1.1161023137535504,1.1167257553491865,1.1158628852412968,1.1165060296905653,4106.729876447895
2025-07-27 17:56:26.276559,1.1161999147141164,1.1163550124311787,1.1159189045638682,1.116151135414194,2325.727398510733
2025-07-27 18:56:26.276559,1.1162901957288038,1.1166093473806464,1.1162358769035035,1.116399537871392,3177.0396470160026
2025-07-27 19:56:26.276559,1.1172104331805697,1.1172839622184998,1.1172249105546312,1.1172458439287793,5919.194278290654
2025-07-27 20:56:26.276559,1.1179115705638796,1.1181208304491075,1.1179268103155422,1.1177052919306272,2882.6691886713506
2025-07-27 21:56:26.276559,1.1178088135587736,1.1178929450064885,1.117236941719992,1.1181212409502146,1657.7340582431348
2025-07-27 22:56:26.276559,1.1171197574265326,1.1170588390973897,1.11699760205716,1.1168937865638457,9171.089144016574
2025-07-27 23:56:26.276559,1.1172917435013399,1.1171999133775903,1.1170017229716522,1.1175550386663229,3226.06284237175
2025-07-28 00:56:26.276559,1.1171123939014265,1.117483704360361,1.116713377779131,1.1168253361910747,7944.642198807469
2025-07-28 01:56:26.276559,1.1169936750762217,1.1168729845893235,1.1164976496907597,1.1170492386234152,7559.752980429522
2025-07-28 02:56:26.276559,1.1166022717318704,1.116652369358737,1.1163443426475557,1.1165089055724426,6961.906105309613
2025-07-28 03:56:26.276559,1.1163465280487936,1.1165770354251279,1.1161595152919872,1.116252898275773,4532.12367606532
2025-07-28 04:56:26.276559,1.1170155538916058,1.117069703447677,1.1169503282412514,1.1171129962032003,4214.090433704525
2025-07-28 05:56:26.276559,1.1167800662428022,1.1168387344548913,1.116010515629829,1.1163593123892863,2724.336511613432
2025-07-28 06:56:26.276559,1.1169545978156858,1.1173696983410621,1.116902044368823,1.1168739343078493,3542.30869579324
2025-07-28 07:56:26.276559,1.1165933762120361,1.1170815484285201,1.1163132923590238,1.1172296670493722,3542.46459375567
2025-07-28 08:56:26.276559,1.1171787466243126,1.117130318610319,1.1168093639131715,1.1168154544425781,5287.021599709889
2025-07-28 09:56:26.276559,1.1161785899825607,1.1161094902903894,1.1157301455727118,1.116283241084055,2863.682282897697
2025-07-28 10:56:26.276559,1.116080417667706,1.1158306342295032,1.1156143993734369,1.115753532573253,8522.433351194644
2025-07-28 11:56:26.276559,1.1166125058247585,1.1166953204261576,1.116169939490628,1.1160182868054616,4827.053668939245
2025-07-28 12:56:26.276559,1.116313484990543,1.1166668587114363,1.1156922771563451,1.1162551485690586,3735.482610295246
2025-07-28 13:56:26.276559,1.116815214505329,1.1170673344573059,1.1165228024964855,1.1163775349010001,3927.65620620728
2025-07-28 14:56:26.276559,1.1162124809480596,1.1165636126261502,1.1161306406595795,1.1160774414496366,9117.46177074235
2025-07-28 15:56:26.276559,1.1161197054158711,1.1163506447642244,1.1154022639065755,1.1159409974342278,7383.887456253487
2025-07-28 16:56:26.276559,1.1155493299025128,1.115579725253362,1.1152648187474135,1.1154566957216336,1381.8006838620254
2025-07-28 17:56:26.276559,1.1154749034309823,1.116125439646973,1.1153589312711283,1.1155977213020547,5624.69017786091
2025-07-28 18:56:26.276559,1.1159276343443527,1.11640400105179,1.1156641298507841,1.1159103524262213,5155.445294318072
2025-07-28 19:56:26.276559,1.1158203559245417,1.115885361529146,1.1155362613268023,1.1159038267025125,2757.1654266084283
2025-07-28 20:56:26.276559,1.1155470943752424,1.115725187959144,1.1149687894232518,1.1155229649902947,6058.65514962314
2025-07-28 21:56:26.276559,1.1151617192669636,1.1154397617041363,1.1149116289446168,1.1153782467589717,4459.195346717213
2025-07-28 22:56:26.276559,1.1157236064307277,1.1155868668358213,1.1154323415875111,1.1153684927231027,8354.153278140268
2025-07-28 23:56:26.276559,1.1155909090220117,1.1157379053560605,1.1157208543023178,1.1158627389339468,2613.3005071701104
2025-07-29 00:56:26.276559,1.1156369788954583,1.1159093483474,1.1154202298134526,1.1157802826160585,8787.661830180212
2025-07-29 01:56:26.276559,1.115420339478781,1.1157575747359778,1.1152906983331905,1.1157107292835742,3254.211089132491
2025-07-29 02:56:26.276559,1.115722374124868,1.1160418983522395,1.1151280129555698,1.1155804718496112,3588.694561393104
2025-07-29 03:56:26.276559,1.1153169042596969,1.115500167670452,1.1146376588288336,1.1149685139059602,1615.1788027896275
2025-07-29 04:56:26.276559,1.1161241471204846,1.115972574694958,1.1154818844036,1.1156299918985773,3992.105414338408
2025-07-29 05:56:26.276559,1.1156839271412173,1.115748056782931,1.115535565126228,1.1158070503571644,2790.929250634931
2025-07-29 06:56:26.276559,1.1161489755640812,1.1166639303096328,1.11605939425471,1.1161022211388694,3486.8719761926827
2025-07-29 07:56:26.276559,1.1161281722899665,1.1162944670623776,1.116270032258283,1.1162337912140652,7640.964863511455
2025-07-29 08:56:26.276559,1.115496566045847,1.1159110447290947,1.1152077612170839,1.1153859689056689,3378.4863684277534
2025-07-29 09:56:26.276559,1.115376656490803,1.1160123415311287,1.1153008900212815,1.1156189014310989,6432.734805034376
2025-07-29 10:56:26.276559,1.1155531935945762,1.1155387434246393,1.1154580203651348,1.1153511825506734,6612.839004612395
2025-07-29 11:56:26.276559,1.114536722265296,1.1150152946484102,1.1145229559566991,1.1149301304517976,3816.166547922834
2025-07-29 12:56:26.276559,1.1153957949568207,1.1156354574561156,1.1149778199433675,1.1154941357177157,6288.272839984616
2025-07-29 13:56:26.276559,1.1158583430042686,1.1162179153919596,1.115798221171011,1.11556081689372,5052.288215286013
2025-07-29 14:56:26.276559,1.1159530235839545,1.1160630311006043,1.1158808546722678,1.116114190744909,7052.14448222526
2025-07-29 15:56:26.276559,1.1158518485141984,1.115978060177336,1.1158581615233527,1.1158994593808307,3328.4047793989685
2025-07-29 16:56:26.276559,1.1162510246582054,1.1167511020284768,1.116100129327084,1.1162305119992733,6519.625163986411
2025-07-29 17:56:26.276559,1.115565328660904,1.1157195435594114,1.1153617387866723,1.1155714760436406,7648.508356539097
2025-07-29 18:56:26.276559,1.1156492979815744,1.1155178766028118,1.1150471400203785,1.1152481344896896,6460.585522456928
2025-07-29 19:56:26.276559,1.1150276564877672,1.115005077383744,1.1147833505004925,1.1149484470871667,2802.5381608086327
2025-07-29 20:56:26.276559,1.1152527193197845,1.115646958106266,1.1150174501314158,1.115564239421535,1616.1284740022024
2025-07-29 21:56:26.276559,1.115955956588966,1.115545976235916,1.1151612886757123,1.115325984883515,9058.114802378524
2025-07-29 22:56:26.276559,1.1151431523443374,1.115046965150526,1.1145225197219117,1.1145647551411189,3235.452478688868
2025-07-29 23:56:26.276559,1.114183515268022,1.1148526599574407,1.1137390919796282,1.1142269351583969,4995.2750905574
2025-07-30 00:56:26.276559,1.1148529913817715,1.1149014734962546,1.1146931296061102,1.1146910503583634,1948.538962970247
2025-07-30 01:56:26.276559,1.1145410952911297,1.1148115438548207,1.1140015021854963,1.1143226616677135,1634.4275107883018
2025-07-30 02:56:26.276559,1.1141994375891602,1.1143351051904435,1.1138606359341146,1.1142052758997358,7166.208788870357
2025-07-30 03:56:26.276559,1.1137784538732487,1.1141272069995967,1.113617990821277,1.1145333548643062,4211.973776539991
2025-07-30 04:56:26.276559,1.1143724440764322,1.1148207491896291,1.114366017271244,1.1147071652520466,9224.095994859334
2025-07-30 05:56:26.276559,1.1139430434119046,1.114485267343702,1.1143611355845662,1.114340943560339,5980.340707747947
2025-07-30 06:56:26.276559,1.1139917953413838,1.1143284627990226,1.1139039609837338,1.1140776600192248,8541.175373666232
2025-07-30 07:56:26.276559,1.1138427703108191,1.114251003175849,1.1134519849284354,1.1141636744132466,2613.279301653527
2025-07-30 08:56:26.276559,1.113582484073623,1.1138711683550744,1.113336918374708,1.11390899091891,2452.2652094984533
2025-07-30 09:56:26.276559,1.1131016270699403,1.113540875100834,1.1130982185125042,1.1136486669249006,3208.1708274958996
2025-07-30 10:56:26.276559,1.1131942744128676,1.1133854976954103,1.1131637936890364,1.113201973889806,9638.765224421097
2025-07-30 11:56:26.276559,1.1134421303577908,1.1144446480666794,1.1133423202411472,1.114192308269893,7319.314865636465
2025-07-30 12:56:26.276559,1.1141856631593432,1.1139827511892664,1.1135934669544447,1.1139343713277507,6682.770290965387
2025-07-30 13:56:26.276559,1.1135004374177162,1.1134750668150024,1.1131717332787636,1.1132702914021089,7228.66282321932
2025-07-30 14:56:26.276559,1.1131966255003896,1.1133648983281983,1.112837713789171,1.1132583938601537,5570.245575629012
2025-07-30 15:56:26.276559,1.1128326240325948,1.113070078822862,1.1122687795104407,1.1133478528855,3279.451451704436
2025-07-30 16:56:26.276559,1.1136116598682266,1.1139127208836437,1.113499765184052,1.1136070407942216,5365.851939815861
2025-07-30 17:56:26.276559,1.1140370707955736,1.1142653701093017,1.1136818927646732,1.1139176592101732,4490.4348092523815
2025-07-30 18:56:26.276559,1.1141393519241107,1.1141228296008674,1.1137579100998443,1.114048972537661,1599.0825512280057
2025-07-30 19:56:26.276559,1.1136367661184414,1.1137985317156265,1.1133751229210145,1.1133598360667343,2981.0019331427784
2025-07-30 20:56:26.276559,1.1140101920813994,1.1144238361231193,1.1136062738370822,1.1139240246278783,5178.146677653024
2025-07-30 21:56:26.276559,1.1142752484666296,1.1148852481130982,1.1143073290033128,1.114462487293925,8240.4517818864
2025-07-30 22:56:26.276559,1.1147897006234253,1.1145909414410486,1.114056478465308,1.1145933108421302,7765.722931562564
2025-07-30 23:56:26.276559,1.1143950646980054,1.1149904200236012,1.1144443534412523,1.1148479562740652,2528.9290544566175
2025-07-31 00:56:26.276559,1.1150065275654932,1.1149805881036314,1.1148999648202738,1.1149789265217815,7828.437890475287
2025-07-31 01:56:26.276559,1.1159967332258127,1.1161299340553297,1.1157512804322798,1.1156019663289536,5265.290981044925
2025-07-31 02:56:26.276559,1.1159085695690287,1.1163309812691555,1.1157546623303847,1.115833020969457,3173.505651935501
2025-07-31 03:56:26.276559,1.1160610157171824,1.1163022303881787,1.1158758747822402,1.1156990090463956,8396.478519268232
2025-07-31 04:56:26.276559,1.1168606363212417,1.1170078165256239,1.1164962803857301,1.1164556050514713,3376.557862243469
2025-07-31 05:56:26.276559,1.1166212036537988,1.1169661929882495,1.1164475392405666,1.1169196632659046,2968.440516981346
2025-07-31 06:56:26.276559,1.1165777312388887,1.1168266073572717,1.1161834660015006,1.116476264127165,8002.227188301878
2025-07-31 07:56:26.276559,1.115959186803,1.116241563144364,1.1159888224952386,1.1158652442374233,1280.3418351405196
2025-07-31 08:56:26.276559,1.1150281946024714,1.115235593246604,1.1149883394148357,1.1151491851959463,7001.626521750923
2025-07-31 09:56:26.276559,1.1156754673130012,1.1156197068219904,1.1154302588362395,1.1155961047779603,3241.0786249818093
2025-07-31 10:56:26.276559,1.1159766374022424,1.1159565456589469,1.1157067480500265,1.1155821062209286,8259.98547724135
2025-07-31 11:56:26.276559,1.1152696707105594,1.115369794209542,1.1152847778811514,1.1153633420607534,3815.0019028931865
2025-07-31 12:56:26.276559,1.116343050474606,1.1164364608299675,1.1158685054815807,1.116202019800717,1350.4421501889906
2025-07-31 13:56:26.276559,1.1165411839647197,1.116663736183054,1.115732760921788,1.1163863037746264,6228.553418993614
2025-07-31 14:56:26.276559,1.1166581859473745,1.117459621154052,1.1167813465645153,1.1168183511823873,6371.666891989835
2025-07-31 15:56:26.276559,1.1173627777291473,1.117815739384845,1.1169980790275003,1.1170672602414191,5092.87908297395
2025-07-31 16:56:26.276559,1.1174348680489143,1.1176800642267626,1.116971873524653,1.1172911355138466,2506.2132901310288
2025-07-31 17:56:26.276559,1.1186511587799326,1.1183839722983808,1.118079424686204,1.1182343667503187,6723.462941440398
2025-07-31 18:56:26.276559,1.118141549975636,1.1185828908587392,1.1181090428175968,1.1185850805685273,7009.845324428376
2025-07-31 19:56:26.276559,1.1183075766575337,1.1182394828125701,1.1176705333360086,1.1182197545622956,9648.281322359422
2025-07-31 20:56:26.276559,1.118233283638403,1.118747998542754,1.117535336100243,1.1183914116424447,6153.465095938202
2025-07-31 21:56:26.276559,1.1190492667581728,1.1187960041794256,1.1182080201036353,1.118641501699306,1285.6938883568976
2025-07-31 22:56:26.276559,1.1189350736489305,1.1189909900156352,1.1187040578353853,1.1188010127320207,8946.233348668498
2025-07-31 23:56:26.276559,1.1181138831008663,1.1184615596199685,1.118085887377532,1.1184538173389509,9975.141099132425
2025-08-01 00:56:26.276559,1.1182903718378097,1.1181384687052456,1.1180294396456267,1.118027849797361,1561.5466173844952
2025-08-01 01:56:26.276559,1.1177387164975874,1.1179469721419237,1.1178262743376313,1.1178526773342723,3417.059507082783
2025-08-01 02:56:26.276559,1.1170868540553216,1.117720056964321,1.1170705482785952,1.1174197719959502,3694.4503633481345
2025-08-01 03:56:26.276559,1.1168033675926166,1.1171681673208116,1.1168315921056073,1.1169713667599717,2894.5624569880865
2025-08-01 04:56:26.276559,1.1174273017100276,1.117364886391115,1.1171514454666698,1.117175016730233,2394.3278002909838
2025-08-01 05:56:26.276559,1.1169767246690014,1.1175884265576457,1.117161959623416,1.1172619720328978,6226.291760988564
2025-08-01 06:56:26.276559,1.117298348995588,1.117933326257131,1.117578212285454,1.117739897224517,5390.5088668961125
2025-08-01 07:56:26.276559,1.117533038474753,1.1178928633467724,1.1173683294470043,1.1176195933465132,5125.882817182942
2025-08-01 08:56:26.276559,1.1176509595031434,1.1175876174120756,1.116932716923547,1.1175614029232555,8759.826762923698
2025-08-01 09:56:26.276559,1.1178909943494448,1.1183002645290117,1.1176382977369628,1.117712183318513,7674.77306652438
2025-08-01 10:56:26.276559,1.1170344059717072,1.118116722428309,1.1166786186732347,1.1173264607600193,8738.152073304811
2025-08-01 11:56:26.276559,1.1163122442819844,1.1166443826947892,1.1158981762677977,1.1163183661024754,9563.003430967829
2025-08-01 12:56:26.276559,1.1162461496024867,1.1163949739476497,1.1159398565180703,1.11685332369046,6802.707237191367
2025-08-01 13:56:26.276559,1.116329319972596,1.117017868647676,1.1161197955550142,1.1166062309956022,2667.433198449913
2025-08-01 14:56:26.276559,1.1162005350833093,1.1163847329707526,1.1158976234271403,1.116026060786751,3571.368108948013
2025-08-01 15:56:26.276559,1.1155540489792497,1.1157228506802566,1.1152913005064606,1.1155131044740028,6011.064198353692
2025-08-01 16:56:26.276559,1.1157413076782665,1.1157577760456232,1.1154968131876253,1.1154417404230328,2984.538370920824
2025-08-01 17:56:26.276559,1.1157588909753464,1.1160285697011447,1.1156846514202687,1.1160431906270722,7752.39187544958
2025-08-01 18:56:26.276559,1.1165009931319934,1.1166864430211865,1.1162887369808718,1.116591561520152,5375.174366934317
2025-08-01 19:56:26.276559,1.1162297763887241,1.116467576059346,1.1161795843739075,1.1158195959457404,7845.180782097541
2025-08-01 20:56:26.276559,1.1156845722071391,1.115310156647548,1.114932551181472,1.115016533125688,9996.019329253948
2025-08-01 21:56:26.276559,1.1151981419179633,1.1155380454544777,1.1150060375775013,1.1151497955490326,6536.162264870798
2025-08-01 22:56:26.276559,1.1140119688289363,1.1141485195051937,1.113876115666196,1.1141425045651085,1314.2039739060142
2025-08-01 23:56:26.276559,1.1132412102490472,1.113701153463095,1.1130975102123466,1.1131746420191064,3137.3070107703174
2025-08-02 00:56:26.276559,1.1128900187458883,1.1131276913060366,1.1127848897343562,1.1129436858968973,4417.763706273858
2025-08-02 01:56:26.276559,1.1129784380962144,1.1132838921376311,1.1127461468464677,1.1127605561174294,7096.538168999855
2025-08-02 02:56:26.276559,1.1132338939115132,1.113584750118742,1.1133277314547758,1.1133286479779267,1172.399369961276
2025-08-02 03:56:26.276559,1.1136333467201194,1.1138731071921026,1.1132686959412612,1.1134454061983206,9653.43092116701
2025-08-02 04:56:26.276559,1.1136617835103186,1.1136744006533303,1.1134640257971977,1.113230334423363,7106.49971463374
2025-08-02 05:56:26.276559,1.1142159303445263,1.114161532090686,1.1137580979844102,1.1142000795913847,9910.979614781792
2025-08-02 06:56:26.276559,1.1148038691108648,1.115152083551116,1.1144417765562513,1.114665718014332,3349.436736113633
2025-08-02 07:56:26.276559,1.1153469112839056,1.1155249605188737,1.115192867966545,1.1154498233107495,2354.250439053977
2025-08-02 08:56:26.276559,1.1145391491498453,1.1148855153072013,1.1147234922324556,1.1148709319588812,5238.642271912601
2025-08-02 09:56:26.276559,1.115830494334549,1.1157595152949464,1.1153862917945272,1.1153365097849521,4621.656333693805
2025-08-02 10:56:26.276559,1.1162298884670925,1.1165318187203095,1.116272592702268,1.1166355648143116,2715.4884976700478
2025-08-02 11:56:26.276559,1.1161816748887983,1.1165504130617003,1.1158665208487437,1.1163039467625437,5783.094227703748
2025-08-02 12:56:26.276559,1.1161477885441617,1.1160105193388983,1.1154365304893301,1.115666760383818,4904.595305697198
2025-08-02 13:56:26.276559,1.1163177986165351,1.1165187879494096,1.1161079498087318,1.116595757687762,8388.829155692267
2025-08-02 14:56:26.276559,1.1165794219230178,1.1171955948215868,1.1163798024294005,1.1167946319841233,3941.152352719996
2025-08-02 15:56:26.276559,1.117075631871537,1.1166213082487042,1.116254235419019,1.1168965753474718,1291.9910144246826
2025-08-02 16:56:26.276559,1.1165733955680905,1.1170492642965286,1.1162980319407343,1.1170387106074589,9444.841557861844
2025-08-02 17:56:26.276559,1.1163697772768784,1.1162503552486442,1.1158681580853838,1.116103550370317,3275.723064251001
2025-08-02 18:56:26.276559,1.1154302277148964,1.115903978645179,1.115035718801019,1.1154309928380024,5296.153583101612
2025-08-02 19:56:26.276559,1.114924125198287,1.115135584883617,1.1145413696301794,1.1144125802129878,8568.178393626164
2025-08-02 20:56:26.276559,1.1134088497101833,1.1134786311935119,1.112921557331077,1.1134042936480697,4461.499683808914
2025-08-02 21:56:26.276559,1.1124743745897518,1.1125010870780498,1.1123274036785173,1.1122825695068568,5280.365726398075
2025-08-02 22:56:26.276559,1.1124371477565362,1.1127492288769076,1.1123113057491645,1.1124156937707328,6059.699299580726
2025-08-02 23:56:26.276559,1.1121915502993158,1.112284011686554,1.1119440527856697,1.1123549157891728,6955.999592244747
2025-08-03 00:56:26.276559,1.1118692500056124,1.1123712450419108,1.1121172234418597,1.1125350767203634,8502.796094276551
2025-08-03 01:56:26.276559,1.112367960716327,1.1128690229939062,1.1120983468076435,1.1124521391776374,4718.552654869476
2025-08-03 02:56:26.276559,1.112071521316194,1.1124518308399818,1.1117186477356453,1.1119687500325035,2636.0098049562575
2025-08-03 03:56:26.276559,1.1121400253253308,1.1123457498691354,1.1122178756901506,1.1119429976859845,5521.845584497388
2025-08-03 04:56:26.276559,1.1126592221548246,1.1124912045749875,1.1123083610475268,1.1126710317764366,4628.895698654405
2025-08-03 05:56:26.276559,1.112824319957644,1.112950264642859,1.112240797674475,1.1126157386719393,2317.926309425345
2025-08-03 06:56:26.276559,1.112661200240476,1.11275318938707,1.112331182521145,1.1129405491022477,4411.364368447315
2025-08-03 07:56:26.276559,1.1128249427874883,1.1126741483244793,1.1125641720828596,1.112190928256722,6157.379805571141
2025-08-03 08:56:26.276559,1.112917019870402,1.1126831901695846,1.1125898107317778,1.1124770627162037,4112.254885693825
2025-08-03 09:56:26.276559,1.1132110476749233,1.1132701395087679,1.113056221043805,1.1129536977042667,9912.990734142835
2025-08-03 10:56:26.276559,1.1137342892908284,1.1134998469517776,1.1133769029970721,1.1136953645646521,2083.488209101801
2025-08-03 11:56:26.276559,1.1124085651049733,1.1129542454662325,1.112647347349021,1.1125501716040973,2538.4276217876345
2025-08-03 12:56:26.276559,1.1124205518529207,1.1130374767100855,1.1124458494593419,1.1125436969159548,1149.3323256933809
2025-08-03 13:56:26.276559,1.1129347487100218,1.1135538042273792,1.1129121136482987,1.113155423626535,9338.174181605664
2025-08-03 14:56:26.276559,1.1128356383848867,1.1129971131113887,1.11278707571163,1.1127149471421012,4536.055980038611
2025-08-03 15:56:26.276559,1.1127852381219008,1.1129162001942654,1.1127659820046303,1.1124465119902076,9764.203720214346
2025-08-03 16:56:26.276559,1.1132705935694611,1.113994642716283,1.1133722090028715,1.1136613803665842,9138.189622668086
2025-08-03 17:56:26.276559,1.1137085072201636,1.1144672395774258,1.113799343061248,1.113915523941447,3018.8670296817363
2025-08-03 18:56:26.276559,1.1135952295456752,1.114183020228784,1.1138276970097343,1.113870317154259,8836.196099116954
2025-08-03 19:56:26.276559,1.1121379625183514,1.1125766642984303,1.1121526545351905,1.112216732353799,6147.962904552335
2025-08-03 20:56:26.276559,1.1124072136207543,1.1126241358285789,1.1122273075269746,1.1124076695759804,3413.56930970422
2025-08-03 21:56:26.276559,1.111816139325463,1.1123100772695045,1.1116675515155112,1.111765203893476,7274.473229241824
2025-08-03 22:56:26.276559,1.1115988950677131,1.1116517731814342,1.1111528739164367,1.1114290985929023,9061.209498399548
2025-08-03 23:56:26.276559,1.110808205085075,1.1111342160856579,1.1104684499572672,1.1111035480061475,7057.829178200953
2025-08-04 00:56:26.276559,1.1111758882105947,1.1111921796349282,1.1107248256157949,1.1109403591849936,4244.270546273985
2025-08-04 01:56:26.276559,1.110758297664519,1.1106604829309923,1.110124487463143,1.1103104363056497,5209.130912363893
2025-08-04 02:56:26.276559,1.110290715433892,1.1110521735877288,1.110127933184605,1.110501031702744,6078.086350160825
2025-08-04 03:56:26.276559,1.110464570331617,1.110510675314892,1.110323928697731,1.1104239393299404,8015.650312816571
2025-08-04 04:56:26.276559,1.1110423680415251,1.111124135765155,1.1107078274867919,1.1108458762268116,1925.5833294172903
2025-08-04 05:56:26.276559,1.1110445187211353,1.1114154944904062,1.1109250787945437,1.1116135717169209,7142.792135839494
2025-08-04 06:56:26.276559,1.1121289700751027,1.1124615102240405,1.1113970722460846,1.1117922045229522,3036.451870028676
2025-08-04 07:56:26.276559,1.1114619485524282,1.1115501565172126,1.1109117471292125,1.1113796581771438,8645.01765603162
2025-08-04 08:56:26.276559,1.1106889094186467,1.1108165642295833,1.1100962537500718,1.1108374106539418,5188.032405455375
2025-08-04 09:56:26.276559,1.1101342368270106,1.1106697665889083,1.1097122041914658,1.1102978296574055,9687.724512673598
2025-08-04 10:56:26.276559,1.1092147991254806,1.1098560737470595,1.1087840732021055,1.1093695158296015,1808.891665625446
2025-08-04 11:56:26.276559,1.1085896920153249,1.1087529265433227,1.1083834674631388,1.1085235694146975,3640.1807929690885
2025-08-04 12:56:26.276559,1.10799100579905,1.1085392182219735,1.1078953046332711,1.1079992373988143,7087.2496108545165
2025-08-04 13:56:26.276559,1.1079101390851924,1.1080970100638616,1.1077882627369238,1.1082899301619578,6341.152444342514
2025-08-04 14:56:26.276559,1.1082769495811025,1.1090204593036381,1.1082972714987018,1.1088126934068898,2211.18640393697
2025-08-04 15:56:26.276559,1.108512628246828,1.1088811673262364,1.1086225201736544,1.1088635019707034,2063.9676006197974
2025-08-04 16:56:26.276559,1.1089538292135064,1.1093381106047508,1.1087215008539544,1.1088887667389926,8660.356618833835
2025-08-04 17:56:26.276559,1.1088964259708143,1.1090566370063162,1.1086319087539045,1.1084599429660595,6464.2175279521925
2025-08-04 18:56:26.276559,1.1091746971747587,1.1096479469701714,1.1090527434872683,1.1091074599715591,1869.8035085897704
2025-08-04 19:56:26.276559,1.1099118049247338,1.110590542825474,1.109461110612687,1.109602795898942,4624.333488951042
2025-08-04 20:56:26.276559,1.1090529446392559,1.109573191123068,1.1088688483442533,1.1091315845469325,6691.566308189577
2025-08-04 21:56:26.276559,1.1094382166819317,1.109533668294049,1.1088956960694303,1.1093323437287215,5499.630927683096
2025-08-04 22:56:26.276559,1.1092226170918371,1.1095380360489433,1.1088826931655236,1.1089669045521604,6553.9534998579065
2025-08-04 23:56:26.276559,1.1088467769444466,1.1091681714719523,1.1090270662058201,1.109267609231768,1774.2894132964889
2025-08-05 00:56:26.276559,1.1102460186770393,1.1104686929477532,1.1094310250884025,1.1098604639355654,8380.607518500845
2025-08-05 01:56:26.276559,1.1101935811832226,1.1102034124134943,1.1096989818281422,1.1102093852422348,9081.417640993632
2025-08-05 02:56:26.276559,1.1090087722729476,1.1092727258043331,1.1087832522555279,1.1094424341169042,6768.689752888819
2025-08-05 03:56:26.276559,1.1087632972465815,1.1084487158749263,1.1082531897539276,1.1085452408647591,1188.4070604405995
2025-08-05 04:56:26.276559,1.1083560972180064,1.1083151120989687,1.108156188307815,1.1084049407814216,3982.1699686268535
2025-08-05 05:56:26.276559,1.1079613734620266,1.1081317976139347,1.1075579416526211,1.1077790433055148,3257.911899016302
2025-08-05 06:56:26.276559,1.1074826144169323,1.1075656308384074,1.1072065790369432,1.1075678738082735,1558.3308726590337
2025-08-05 07:56:26.276559,1.1072718732364921,1.1081064377097598,1.1073303670469987,1.1072371510007943,2036.3156055568102
2025-08-05 08:56:26.276559,1.1068721125183016,1.1066194160026446,1.1062674300605218,1.1063318612948043,4978.300788380111
2025-08-05 09:56:26.276559,1.1062530474188905,1.1062801594135276,1.1061066899656953,1.106211345689502,6416.2606055090255
2025-08-05 10:56:26.276559,1.105400069293386,1.1061057654090385,1.105119630164087,1.10549442628903,4525.682055060504
2025-08-05 11:56:26.276559,1.1059987007477552,1.1059790726896086,1.1051110742085446,1.105803105835013,4109.327683511012
2025-08-05 12:56:26.276559,1.1062431422859298,1.106273819165817,1.1058011390543838,1.106060016930548,9172.166908794961
2025-08-05 13:56:26.276559,1.1053625092033375,1.1056184896573877,1.1053554504651242,1.1057721507595606,1725.5386465264157
2025-08-05 14:56:26.276559,1.1046268556338315,1.104996771210001,1.1045408837902921,1.1044697737309148,6670.838141754971
2025-08-05 15:56:26.276559,1.1048170352709072,1.1050077324183147,1.1047781597916893,1.1049239993890552,6225.807033186707
2025-08-05 16:56:26.276559,1.103805335658259,1.1035855317570737,1.1033877042237963,1.1035128271117316,9554.79538858968
2025-08-05 17:56:26.276559,1.1029882773947757,1.1032756124524652,1.1025572236650842,1.1030446665991582,6395.150256928449
2025-08-05 18:56:26.276559,1.102989045846082,1.1031180274225632,1.102805493533848,1.102757843003415,1435.2643994390278
2025-08-05 19:56:26.276559,1.103443941526503,1.103356615055757,1.1026983498027763,1.10328166709819,8433.390776950146
2025-08-05 20:56:26.276559,1.103593610279861,1.104270273851551,1.1037258235393868,1.1042472774358891,9621.512739335238
2025-08-05 21:56:26.276559,1.1047574464126348,1.1052794184326264,1.1048405839696414,1.10475504577245,1536.2838761782934
2025-08-05 22:56:26.276559,1.104832837061746,1.1055618324708543,1.104975445121232,1.1051681670905151,6998.697790237315
2025-08-05 23:56:26.276559,1.1049899998107084,1.1053142128880902,1.1049564129689118,1.1049771938273136,1460.3518505835787
2025-08-06 00:56:26.276559,1.1039607738155688,1.1045219188145508,1.1036865123104749,1.104368322118852,8552.319472636773
2025-08-06 01:56:26.276559,1.1048199888710708,1.1047920274363114,1.1039318142687728,1.1044718698777654,9638.119183643652
2025-08-06 02:56:26.276559,1.1048539236758272,1.105582624269987,1.1047726032183334,1.1051157157159424,1694.6877720382117
2025-08-06 03:56:26.276559,1.1046970934401008,1.1049334780027398,1.104893536906231,1.1047658112235546,9905.548000458903
2025-08-06 04:56:26.276559,1.1042077185597827,1.1043702224209782,1.1042351681053268,1.104072019662583,5992.586229541189
2025-08-06 05:56:26.276559,1.104342341112581,1.1052788733493253,1.1047723143540518,1.1047907064177531,4018.3444559571617
2025-08-06 06:56:26.276559,1.1046635172318358,1.1048798190690206,1.1046944758989383,1.105073561136066,4538.324165446136
2025-08-06 07:56:26.276559,1.1045960551357579,1.1047671555120766,1.1045542587220625,1.1048054183933438,5275.808855800913
2025-08-06 08:56:26.276559,1.1057952280815062,1.1059639325721016,1.1053010303598931,1.1056250264124352,8475.604843886122
2025-08-06 09:56:26.276559,1.1054596048196923,1.1058835452784286,1.105374913262978,1.1055718537079506,4007.7344275579894
2025-08-06 10:56:26.276559,1.1054771953969,1.1054032090326895,1.104757245439307,1.1052935816815672,8237.490084854957
2025-08-06 11:56:26.276559,1.1044317559782266,1.105002437927456,1.1044912641451694,1.1049756687075958,9968.736779187573
2025-08-06 12:56:26.276559,1.1034680342527363,1.1037877814322707,1.1034197274589752,1.1036115097566777,2428.6308703687855
2025-08-06 13:56:26.276559,1.1038344868080219,1.1037730695297119,1.1033615242216939,1.103054569090948,6344.02568749107
2025-08-06 14:56:26.276559,1.1034564937590667,1.1032965974331184,1.102863448329798,1.1026708700182664,6132.582448582514
2025-08-06 15:56:26.276559,1.1033008054629667,1.103576598183857,1.1033181686769242,1.1033990477400988,3350.461892597742
2025-08-06 16:56:26.276559,1.1042442007792022,1.1042972637759283,1.103579214818776,1.1042784245720119,6490.9712983261115
2025-08-06 17:56:26.276559,1.1033013295422363,1.1036256491009213,1.1034554650619015,1.1036842434228302,3593.660733635765
2025-08-06 18:56:26.276559,1.1051306924147744,1.1049324274203327,1.1048635400688849,1.1047502652268923,1215.5163874343514
2025-08-06 19:56:26.276559,1.1050568017022855,1.1053535684354716,1.10528270655922,1.1053632023235627,5954.78512536603
2025-08-06 20:56:26.276559,1.1049982303915442,1.1051796841035024,1.1042526079082122,1.1050158189668131,1203.0806053481251
2025-08-06 21:56:26.276559,1.105371805727746,1.1055132976206083,1.1051237003197603,1.105131505776619,7748.739381594419
2025-08-06 22:56:26.276559,1.1058060502150393,1.1059637920692869,1.105672496568481,1.1057624864686817,2787.801192076652
2025-08-06 23:56:26.276559,1.1058553248723855,1.1059089275395575,1.1049516256390828,1.1059731305604166,1734.1743305022933
2025-08-07 00:56:26.276559,1.104912692594285,1.1055032378531908,1.1050282566474843,1.1047438760281891,8306.795116093417
2025-08-07 01:56:26.276559,1.1053761707279828,1.105853295839487,1.104980967946979,1.105923906220568,9385.663629848574
2025-08-07 02:56:26.276559,1.106273679154951,1.106523855538241,1.1062198305107365,1.1064191846038258,2985.8595365957362
2025-08-07 03:56:26.276559,1.1072816638271779,1.1074400485491986,1.1072052047030518,1.107283873114267,4696.143697092546
2025-08-07 04:56:26.276559,1.1082696986030378,1.1082367334178085,1.108012561640761,1.1079287159104831,7892.727794962678
2025-08-07 05:56:26.276559,1.1078447410849273,1.107751058176791,1.1073073827888493,1.1073912397571164,5540.103475024198
2025-08-07 06:56:26.276559,1.1081912411698418,1.108139356903307,1.1073993601093772,1.1080860100032983,3090.022218112088
2025-08-07 07:56:26.276559,1.1071281563645172,1.1074448400430206,1.1070760811927807,1.1072078195366128,7761.5103193639015
2025-08-07 08:56:26.276559,1.1077171529409862,1.1081742142681816,1.1073746643693327,1.1075760222984863,1981.1225407683582
2025-08-07 09:56:26.276559,1.1074547188311434,1.1077463848110205,1.1073345725316153,1.1075687456229617,8715.07843632812
2025-08-07 10:56:26.276559,1.1073599139205248,1.1074631114414302,1.1071666531557833,1.1073219700399126,7142.8643089044135
2025-08-07 11:56:26.276559,1.1078376480737642,1.108021085163396,1.1073469949786927,1.1073231340121332,8221.564274982693
2025-08-07 12:56:26.276559,1.1073704056363118,1.107168465821106,1.107027599824947,1.1072848808124884,8307.516111740952
2025-08-07 13:56:26.276559,1.1073324642901323,1.1072596074095031,1.1068491639696472,1.1069293973517118,8857.38832313683
2025-08-07 14:56:26.276559,1.107597629969691,1.1077288901970281,1.107125817195417,1.1078777708921057,2514.5072965694153
2025-08-07 15:56:26.276559,1.1076869443958495,1.108225815886888,1.1076761230461143,1.1083540894349346,5148.085043859237
2025-08-07 16:56:26.276559,1.1079708235302292,1.1082030811159647,1.107976089190749,1.1081523792186267,8549.68475713662
2025-08-07 17:56:26.276559,1.108735410048233,1.1091156378860851,1.1085367682944498,1.1086840781860805,4670.002309655464
2025-08-07 18:56:26.276559,1.1087872574102768,1.1090861604521207,1.1090081543989527,1.1092230001449328,3239.1260986525936
2025-08-07 19:56:26.276559,1.1093637549049409,1.1091855981696241,1.1089359442650373,1.1091781277414712,4322.22574428284
2025-08-07 20:56:26.276559,1.108667115974428,1.1096220522042302,1.1088355828344216,1.1094000805683033,8919.23164054313
2025-08-07 21:56:26.276559,1.1109095879902517,1.1116232302659428,1.1108764206699837,1.1111299716935583,4736.310885934712
2025-08-07 22:56:26.276559,1.1119812587037126,1.1122989981770597,1.111764633493161,1.1117822550394072,6838.724025055163
2025-08-07 23:56:26.276559,1.1112093627487434,1.112069845162227,1.1111175977447458,1.1109713044304586,6364.451041848552
2025-08-08 00:56:26.276559,1.111496203902508,1.1115426966418782,1.1115355535100586,1.111665833391074,1492.594362324873
2025-08-08 01:56:26.276559,1.11155371020601,1.1118538683585892,1.1112350500219101,1.1115137899332825,4874.822388217333
2025-08-08 02:56:26.276559,1.1113780337749084,1.1116349035269348,1.1113121790280651,1.1113268058074102,6591.9756174013655
2025-08-08 03:56:26.276559,1.111331590426783,1.1115199673836562,1.111045382559715,1.11128278528419,7080.280962106949
2025-08-08 04:56:26.276559,1.1104818153188918,1.1108658257610704,1.110515897230266,1.1108251439614398,9899.564871732968
2025-08-08 05:56:26.276559,1.1109354350652854,1.1107741066833343,1.1105268747704717,1.110815931386772,8717.775469767314
2025-08-08 06:56:26.276559,1.110578553091476,1.1109493070641199,1.110693976112173,1.1107593563034153,8369.823434684244
2025-08-08 07:56:26.276559,1.111292570303639,1.1115937821786506,1.1112099098793815,1.1110902972165173,4756.553040962332
2025-08-08 08:56:26.276559,1.1117553898153911,1.1120345768223932,1.1116681644482596,1.1119417754483498,3971.4035528404397
2025-08-08 09:56:26.276559,1.1115245982541992,1.1118570538688426,1.1114462716964855,1.111851918977596,2102.480757693903
2025-08-08 10:56:26.276559,1.1116536104452512,1.111823975271359,1.1114607203841713,1.11146304575038,5901.677839964223
2025-08-08 11:56:26.276559,1.1118714840554025,1.1120433412357735,1.1118424573992016,1.1119211931272475,7924.9832147940115
2025-08-08 12:56:26.276559,1.11165325671811,1.1120154662127586,1.1115564301607919,1.1115311437829523,4539.886033466699
2025-08-08 13:56:26.276559,1.111381509444399,1.111326625303594,1.1110109502969052,1.1112857293013032,8167.965053711296
2025-08-08 14:56:26.276559,1.1103876811382392,1.1105921136009473,1.1099648419858559,1.1101158752892635,1787.0185161989689
2025-08-08 15:56:26.276559,1.109755100434804,1.1103177781598195,1.1096650010671751,1.1097003102853362,9530.017281723069
2025-08-08 16:56:26.276559,1.1095044129700797,1.1093624976803929,1.1090766490484798,1.109128354747317,4083.3197453001862
2025-08-08 17:56:26.276559,1.1087996156038262,1.1088497020744024,1.1083488666573884,1.1086629291398633,3823.328122814406
2025-08-08 18:56:26.276559,1.1085452207841955,1.1089062722159508,1.1080896445364765,1.1082688255539446,8329.455286021734
2025-08-08 19:56:26.276559,1.1079024035679403,1.1081374536780024,1.1078600644231582,1.1082401392780985,6408.509360839471
2025-08-08 20:56:26.276559,1.1072998923905908,1.107692928594685,1.1069758875750835,1.1075040998729226,5221.366727663385
2025-08-08 21:56:26.276559,1.1069486167100817,1.1073181445277351,1.1067812291549077,1.107096946886045,6488.314853933053
2025-08-08 22:56:26.276559,1.1070182407934344,1.107306725507754,1.1067104364732108,1.1070726676743603,9197.436382176837
2025-08-08 23:56:26.276559,1.1070033509885135,1.10721372618642,1.1070374859481662,1.1072129482470063,8960.308548370833
2025-08-09 00:56:26.276559,1.1079048605974127,1.1084624864667998,1.1072746441222017,1.107913096540493,9248.402360039629
2025-08-09 01:56:26.276559,1.1077075891576316,1.1079122867690083,1.1072473978685111,1.1076592124564828,1446.4531751453446
2025-08-09 02:56:26.276559,1.1077543699332981,1.107677688069152,1.1071046292979199,1.107439048554201,9272.872279483527
2025-08-09 03:56:26.276559,1.1068016969199852,1.1069615340924877,1.106675215408837,1.1062552131738617,9185.936257109246
2025-08-09 04:56:26.276559,1.1065117469400563,1.10707397289807,1.1065005636055747,1.1068333460322386,4903.24898188342
2025-08-09 05:56:26.276559,1.1065679886045798,1.106726368331683,1.106007842425863,1.1065117469486807,4555.480040711163
2025-08-09 06:56:26.276559,1.1065030978232002,1.1066512936135948,1.1064432572079803,1.1070019630949581,7740.668357743587
2025-08-09 07:56:26.276559,1.1071234309212106,1.1076928294512494,1.1070950136880506,1.1069877315100152,3627.200561480265
2025-08-09 08:56:26.276559,1.107193170655184,1.1074049554646768,1.1068705618024006,1.106852319024732,9081.596945665173
2025-08-09 09:56:26.276559,1.1079612552674245,1.1083508391626058,1.1081796407874431,1.108231036835182,1008.4907374086798
2025-08-09 10:56:26.276559,1.108133381636265,1.1083228836645493,1.1077408393494421,1.108340073672222,2378.3005007556058
2025-08-09 11:56:26.276559,1.1085626383226719,1.108868878399626,1.1081442178015852,1.1084224861907326,4074.7700142154163
2025-08-09 12:56:26.276559,1.108779809804764,1.1087496212796306,1.1085192399396127,1.1084682880869723,6375.811404976406
2025-08-09 13:56:26.276559,1.1084320060441955,1.1089664026080328,1.1081256450742847,1.108356837278382,2636.358875536049
2025-08-09 14:56:26.276559,1.1084919479697821,1.1087915057223792,1.1083535778260558,1.1087966722168778,6717.91012037489
2025-08-09 15:56:26.276559,1.108052593040396,1.1082839089990169,1.1080726101628162,1.1083238601799061,7002.347027128127
2025-08-09 16:56:26.276559,1.1082182992347076,1.108328247031218,1.1081264730509415,1.108185620166853,5748.291759449491
2025-08-09 17:56:26.276559,1.1074238150433329,1.1079106795900755,1.1077084119044092,1.1082047999238442,2496.297973147306
2025-08-09 18:56:26.276559,1.1084130073892662,1.108835018343654,1.1079487510147619,1.1084224253061286,6325.452720031604
2025-08-09 19:56:26.276559,1.1089567514550522,1.1089435251920274,1.108219859686541,1.109259039889257,4009.9827440629365
2025-08-09 20:56:26.276559,1.1079059809638399,1.1084340506098398,1.1079833075226118,1.108111737805139,1764.6966090051978
2025-08-09 21:56:26.276559,1.108817925970016,1.1091445632091619,1.1084054238067662,1.108517081163913,9395.809211139698
2025-08-09 22:56:26.276559,1.109461184095075,1.1092259189864615,1.1089785722141379,1.1090527761147482,1330.4164913475997
2025-08-09 23:56:26.276559,1.10819139894027,1.108215358703344,1.1076262559152417,1.1079465706409901,9752.15251025112
2025-08-10 00:56:26.276559,1.1080142518673337,1.1087514756727272,1.1079211181951742,1.1077151184711191,4862.345427624897
2025-08-10 01:56:26.276559,1.1074366365978006,1.1079077472563932,1.1077109599527688,1.1075207505834086,1328.1494574305661
2025-08-10 02:56:26.276559,1.1076377444938272,1.1080951806442882,1.1076781436384608,1.1074257670633956,1359.302793073761
2025-08-10 03:56:26.276559,1.1089057496624215,1.1091761365205268,1.1081934789099892,1.108613303117203,4301.184885816416
2025-08-10 04:56:26.276559,1.1085656189805961,1.108574737485191,1.1084115254657594,1.1087127312168146,7307.79127519492
2025-08-10 05:56:26.276559,1.1082900009856838,1.1092826848343187,1.108512470596615,1.1086959405533643,3862.3565052506788
2025-08-10 06:56:26.276559,1.109436470781645,1.109513185955117,1.1092419765745356,1.1096919431983538,3247.697613064197
2025-08-10 07:56:26.276559,1.1101930591383355,1.10975465833613,1.1094199180658049,1.1096092596908436,6428.917558895539
2025-08-10 08:56:26.276559,1.1097624621615658,1.1098082262318032,1.1095755999152919,1.1098795877014882,2135.037901378695
2025-08-10 09:56:26.276559,1.1103303659006456,1.1105123590240025,1.1100891721379265,1.1105277483425329,6611.547801226035
2025-08-10 10:56:26.276559,1.110577529546554,1.1105436338303658,1.1101945365093544,1.1106502648054737,3708.6968766845953
2025-08-10 11:56:26.276559,1.1105877090858842,1.1108281085323837,1.1101554145627657,1.1105275012589282,3935.5322871542817
2025-08-10 12:56:26.276559,1.1105198220208825,1.110929810375605,1.1105463919337353,1.1105055030040805,7921.550198437518
2025-08-10 13:56:26.276559,1.1112757104036697,1.1118940663630408,1.1109272239485046,1.111492491172314,4491.754789580977
2025-08-10 14:56:26.276559,1.1112962954374626,1.1113168330267311,1.1112143534635368,1.111346367063464,4270.635387994843
2025-08-10 15:56:26.276559,1.110901344905683,1.1111742034961891,1.1107373103798885,1.1112268341336298,7646.914480572671
2025-08-10 16:56:26.276559,1.1105176413049533,1.1107621895820008,1.1105262598615835,1.1104958527875959,9846.521915992307
2025-08-10 17:56:26.276559,1.1113383360715172,1.11155556873639,1.1112709195066164,1.1112308628786873,8825.803046334819
2025-08-10 18:56:26.276559,1.1117505150848104,1.1120710183186806,1.1115398365169429,1.1121517937127892,6473.90239089802
2025-08-10 19:56:26.276559,1.112204971945761,1.1126947766551831,1.1125101643556499,1.112492015036522,4599.847164642117
2025-08-10 20:56:26.276559,1.112299985024613,1.111998994924853,1.1117724883893372,1.1121631196644064,4774.012123773595
2025-08-10 21:56:26.276559,1.111496228155373,1.1119926330437615,1.1114228522084801,1.1117098436001902,1345.6078959371011
2025-08-10 22:56:26.276559,1.1120456753568608,1.112078571265821,1.1120196463193481,1.1114897083156778,9189.371423437467
2025-08-10 23:56:26.276559,1.1123053274003136,1.112734504748794,1.1121286039454332,1.1119392146640947,4474.458420866522
